"";"Nome do Ativo";"% No ano ";"% No mês "
"1";"VERDE AM X60 ADVISORY FIC MULTIMERCADO";1,68;2,19
"2";"ABSOLUTE VERTEX FIC MULTIMERCADO";1,17;2,13
"3";"KINEA ATLAS II FI MULTIMERCADO";-0,309999999999999;1,17
"4";"KAPITALO ZETA FIC MULTIMERCADO";-3,18;0,69
"5";"JGP STRATEGY FIC MULTIMERCADO";-3,75;-0,18
"6";"IHFA";-3,84;1,4
"7";"LEGACY CAPITAL ADVISORY FIC MULTIMERCADO";-5,59;1,03
"8";"OCCAM RETORNO ABSOLUTO ADVISORY FIC MULTIMERCADO";-11,79;-0,1
"9";"SPX NIMITZ FEEDER FIC MULTIMERCADO";-14,58;0,45
