"nome_plot";"taxa_adm_aa";"z_robusto_log_taxa";"taxa_requer_revisao"
"Safra Grand Vitesse";"0,0025";"-3,238758948417607";FALSE
"Sparta Top";"0,0030";"-2,564268188941011";FALSE
"Selection Light";"0,0031";"-2,442963649379753";FALSE
"Sparta Max Advisory";"0,0035";"-1,993994377446390";FALSE
"Daycoval Classic 30";"0,0040";"-1,500000732322642";FALSE
"BNP Paribas Rubi";"0,0040";"-1,500000732322642";FALSE
"Tivio Institucional 15";"0,0050";"-0,674490759476595";FALSE
"BTG Pactual Crédito Corporativo I";"0,0050";"-0,674490759476595";FALSE
"Polo Crédito Corporativo Advisory";"0,0050";"-0,674490759476595";FALSE
"Riza Lotus Plus Advisory";"0,0050";"-0,674490759476595";FALSE
"AF Invest Geraes 30";"0,0050";"-0,674490759476595";FALSE
"Porto Seguro Ipê";"0,0050";"-0,674490759476595";FALSE
"Arx Vinson Advisory";"0,0050";"-0,674490759476595";FALSE
"Principal Claritas";"0,0050";"-0,674490759476595";FALSE
"XP Corporate Light";"0,0050";"-0,674490759476595";FALSE
"Plural Crédito Corporativo II";"0,0050";"-0,674490759476595";FALSE
"Valora Absolute";"0,0050";"-0,674490759476595";FALSE
"Safra Vitesse";"0,0050";"-0,674490759476595";FALSE
"BB Asset";"0,0050";"-0,674490759476595";FALSE
"Capitânia Premium 45";"0,0055";"-0,321894847657343";FALSE
"Absolute Creta Advisory";"0,0058";"-0,125417332647105";FALSE
"Compass Yield 30";"0,0060";"0,000000000000000";FALSE
"JGP Corporate FEEDER II";"0,0060";"0,000000000000000";FALSE
"SulAmérica Crédito ESG";"0,0060";"0,000000000000000";FALSE
"SulAmérica Crédito Ativo";"0,0060";"0,000000000000000";FALSE
"Occam Crédito Corporativo 30";"0,0060";"0,000000000000000";FALSE
"SPX Seahawk Advisory";"0,0060";"0,000000000000000";FALSE
"Bocom BBM Corporate Credit II";"0,0060";"0,000000000000000";FALSE
"Iridium Titan Advisory";"0,0060";"0,000000000000000";FALSE
"Augme 30 Advisory";"0,0060";"0,000000000000000";FALSE
"Safra Polaris";"0,0060";"0,000000000000000";FALSE
"Inter Premium";"0,0060";"0,000000000000000";FALSE
"Mag High Grade Plus 30";"0,0064";"0,238757483772320";FALSE
"BNP Paribas Match Plus 30 Advisory";"0,0065";"0,296114555177366";FALSE
"Western Asset Total Credit Plus";"0,0065";"0,296114555177366";FALSE
"Novus Crédito";"0,0070";"0,570273811494622";FALSE
"Vinland Crédito";"0,0070";"0,570273811494622";FALSE
"ARX Everest Advisory";"0,0070";"0,570273811494622";FALSE
"Integral";"0,0075";"0,825509972846047";FALSE
"XP Corporate Plus";"0,0075";"0,825509972846047";FALSE
"XP Corporate Top";"0,0075";"0,825509972846047";FALSE
"Ibiuna Credit";"0,0076";"0,874510119658953";FALSE
"AZ Quest Altro Advisory";"0,0080";"1,064267456618367";FALSE
"Atena Yield D30";"0,0085";"1,288545638151012";FALSE
"BOCOM BBM Corporate Credit Plus MULT";"0,0090";"1,500000732322645";FALSE
"Root Capital Crédito HG Plus";"0,0104";"2,034872771272332";FALSE
"JGP Crédito Advisory";"0,0110";"2,242373341283669";FALSE
