"k";"defasagem_meses";"mes_fim";"n_fundos_janela";"adjusted_rand"
"3";"0";"2026-08-01";"26";"1,000000000000000"
"3";"3";"2026-05-01";"26";"1,000000000000000"
"3";"6";"2026-02-01";"24";"0,752264381884945"
"4";"0";"2026-08-01";"26";"1,000000000000000"
"4";"3";"2026-05-01";"26";"0,397478680014831"
"4";"6";"2026-02-01";"24";"0,465327029156816"
"5";"0";"2026-08-01";"26";"1,000000000000000"
"5";"3";"2026-05-01";"26";"0,292906589948755"
"5";"6";"2026-02-01";"24";"0,128478389579633"
"6";"0";"2026-08-01";"26";"1,000000000000000"
"6";"3";"2026-05-01";"26";"0,856438751075256"
"6";"6";"2026-02-01";"24";"0,166866093766997"
"7";"0";"2026-08-01";"26";"1,000000000000000"
"7";"3";"2026-05-01";"26";"0,793807892399442"
"7";"6";"2026-02-01";"24";"0,141488658885708"
