"k";"nome_plot";"cluster"
"3";"Tivio Institucional 15";"1"
"3";"Daycoval Classic 30";"2"
"3";"BNP Paribas Rubi";"2"
"3";"SulAmérica Crédito ESG";"2"
"3";"Compass Yield 30";"2"
"3";"SulAmérica Crédito Ativo";"2"
"3";"BTG Pactual Crédito Corporativo I";"2"
"3";"Bocom BBM Corporate Credit II";"2"
"3";"Porto Seguro Ipê";"2"
"3";"JGP Corporate FEEDER II";"2"
"3";"Sparta Max Advisory";"2"
"3";"Polo Crédito Corporativo Advisory";"2"
"3";"Occam Crédito Corporativo 30";"2"
"3";"Sparta Top";"2"
"3";"JGP Crédito Advisory";"2"
"3";"Root Capital Crédito HG Plus";"2"
"3";"Novus Crédito";"2"
"3";"Selection Light";"2"
"3";"BNP Paribas Match Plus 30 Advisory";"2"
"3";"BOCOM BBM Corporate Credit Plus MULT";"2"
"3";"Safra Grand Vitesse";"2"
"3";"Vinland Crédito";"2"
"3";"Arx Vinson Advisory";"2"
"3";"AZ Quest Altro Advisory";"2"
"3";"SPX Seahawk Advisory";"2"
"3";"ARX Everest Advisory";"3"
"4";"Tivio Institucional 15";"1"
"4";"Daycoval Classic 30";"2"
"4";"BNP Paribas Rubi";"3"
"4";"SulAmérica Crédito ESG";"2"
"4";"Compass Yield 30";"2"
"4";"SulAmérica Crédito Ativo";"2"
"4";"BTG Pactual Crédito Corporativo I";"2"
"4";"Bocom BBM Corporate Credit II";"2"
"4";"Porto Seguro Ipê";"2"
"4";"JGP Corporate FEEDER II";"2"
"4";"Sparta Max Advisory";"2"
"4";"Polo Crédito Corporativo Advisory";"2"
"4";"Occam Crédito Corporativo 30";"2"
"4";"Sparta Top";"2"
"4";"JGP Crédito Advisory";"2"
"4";"Root Capital Crédito HG Plus";"2"
"4";"Novus Crédito";"2"
"4";"Selection Light";"2"
"4";"BNP Paribas Match Plus 30 Advisory";"3"
"4";"BOCOM BBM Corporate Credit Plus MULT";"2"
"4";"Safra Grand Vitesse";"2"
"4";"Vinland Crédito";"2"
"4";"Arx Vinson Advisory";"2"
"4";"AZ Quest Altro Advisory";"2"
"4";"SPX Seahawk Advisory";"2"
"4";"ARX Everest Advisory";"4"
"5";"Tivio Institucional 15";"1"
"5";"Daycoval Classic 30";"2"
"5";"BNP Paribas Rubi";"3"
"5";"SulAmérica Crédito ESG";"2"
"5";"Compass Yield 30";"2"
"5";"SulAmérica Crédito Ativo";"2"
"5";"BTG Pactual Crédito Corporativo I";"2"
"5";"Bocom BBM Corporate Credit II";"2"
"5";"Porto Seguro Ipê";"4"
"5";"JGP Corporate FEEDER II";"2"
"5";"Sparta Max Advisory";"2"
"5";"Polo Crédito Corporativo Advisory";"4"
"5";"Occam Crédito Corporativo 30";"2"
"5";"Sparta Top";"2"
"5";"JGP Crédito Advisory";"4"
"5";"Root Capital Crédito HG Plus";"4"
"5";"Novus Crédito";"2"
"5";"Selection Light";"4"
"5";"BNP Paribas Match Plus 30 Advisory";"3"
"5";"BOCOM BBM Corporate Credit Plus MULT";"2"
"5";"Safra Grand Vitesse";"2"
"5";"Vinland Crédito";"4"
"5";"Arx Vinson Advisory";"4"
"5";"AZ Quest Altro Advisory";"4"
"5";"SPX Seahawk Advisory";"4"
"5";"ARX Everest Advisory";"5"
"6";"Tivio Institucional 15";"1"
"6";"Daycoval Classic 30";"2"
"6";"BNP Paribas Rubi";"3"
"6";"SulAmérica Crédito ESG";"2"
"6";"Compass Yield 30";"2"
"6";"SulAmérica Crédito Ativo";"2"
"6";"BTG Pactual Crédito Corporativo I";"2"
"6";"Bocom BBM Corporate Credit II";"4"
"6";"Porto Seguro Ipê";"5"
"6";"JGP Corporate FEEDER II";"2"
"6";"Sparta Max Advisory";"2"
"6";"Polo Crédito Corporativo Advisory";"5"
"6";"Occam Crédito Corporativo 30";"2"
"6";"Sparta Top";"2"
"6";"JGP Crédito Advisory";"5"
"6";"Root Capital Crédito HG Plus";"5"
"6";"Novus Crédito";"2"
"6";"Selection Light";"5"
"6";"BNP Paribas Match Plus 30 Advisory";"3"
"6";"BOCOM BBM Corporate Credit Plus MULT";"4"
"6";"Safra Grand Vitesse";"2"
"6";"Vinland Crédito";"5"
"6";"Arx Vinson Advisory";"5"
"6";"AZ Quest Altro Advisory";"5"
"6";"SPX Seahawk Advisory";"5"
"6";"ARX Everest Advisory";"6"
"7";"Tivio Institucional 15";"1"
"7";"Daycoval Classic 30";"2"
"7";"BNP Paribas Rubi";"3"
"7";"SulAmérica Crédito ESG";"2"
"7";"Compass Yield 30";"2"
"7";"SulAmérica Crédito Ativo";"2"
"7";"BTG Pactual Crédito Corporativo I";"2"
"7";"Bocom BBM Corporate Credit II";"4"
"7";"Porto Seguro Ipê";"5"
"7";"JGP Corporate FEEDER II";"2"
"7";"Sparta Max Advisory";"2"
"7";"Polo Crédito Corporativo Advisory";"5"
"7";"Occam Crédito Corporativo 30";"2"
"7";"Sparta Top";"2"
"7";"JGP Crédito Advisory";"5"
"7";"Root Capital Crédito HG Plus";"5"
"7";"Novus Crédito";"2"
"7";"Selection Light";"5"
"7";"BNP Paribas Match Plus 30 Advisory";"3"
"7";"BOCOM BBM Corporate Credit Plus MULT";"4"
"7";"Safra Grand Vitesse";"2"
"7";"Vinland Crédito";"5"
"7";"Arx Vinson Advisory";"6"
"7";"AZ Quest Altro Advisory";"5"
"7";"SPX Seahawk Advisory";"5"
"7";"ARX Everest Advisory";"7"
