"nome_xlsx";"nome_curto";"nome_plot";"nome_quantum";"taxa_adm_aa";"revisar";"primeiro_mes";"ultimo_mes";"n_meses";"n_meses_completos";"data_inicio_score";"data_fim_score";"elegivel_score_36m";"motivo_inelegibilidade";"inicio_serie_diaria";"fim_serie_diaria";"n_retornos_diarios";"inicio_serie_mensal_score";"fim_serie_mensal_score";"n_meses_score";"excesso_cdi_aa";"hit_rate_mensal";"hit_rate_6m";"hit_rate_12m";"volatilidade_excesso_aa";"pior_mes";"media_tres_piores_meses";"autocorrelacao_lag1";"max_drawdown_excesso";"meses_para_recuperar";"inicio_historico_mensal";"fim_historico_mensal";"n_meses_historico";"n_janelas_36m_historico";"hit_rate_36m_historico";"correlacao_media_pares";"correlacao_mediana_pares";"correlacao_maxima";"fundo_mais_correlacionado";"meses_em_comum_com_par_mais_proximo";"benchmark_menor_tracking_error";"menor_tracking_error_aa";"benchmark_maior_correlacao";"maior_correlacao";"elegivel_ranking"
"Tivio Institucional 15";"Tivio Institucional 15";"Tivio Institucional 15";"TIVIO INSTITUCIONAL 15 RESP LIMITADA FIF RENDA FIXA CRÉDITO PRIVADO LP";"0,0050";FALSE;"2023-09-01";"2026-08-01";"36";"36";"2023-09-01";"2026-08-31";TRUE;NA;"2002-02-28";"2026-09-21";"6172";"2023-09-01";"2026-08-01";"36";"0,01602629309053061";"0,805555555555556";"0,870967741935484";"1,00";"0,00695546696784096";"-0,00366154298232291";"-0,00249191024292176";"0,4388941151501508";"-0,00366154298232291";"2";"2002-03-01";"2026-08-01";"292";"187";"0,882352941176471";"0,443247630315173";"0,450936109372628";"0,683518978192634";"AF Invest Geraes 30";"36";"IRF-M 1";"0,00813812406297803";"IDA-DI";"0,428196040672385";TRUE
"Compass Yield 30 FIF RF CP LP RL";"Compass Yield 30";"Compass Yield 30";"COMPASS YIELD 30 FIF RENDA FIXA";"0,0060";FALSE;"2023-09-01";"2026-08-01";"36";"36";"2023-09-01";"2026-08-31";TRUE;NA;"2020-05-21";"2026-09-18";"1591";"2023-09-01";"2026-08-01";"36";"0,01468280270255140";"0,833333333333333";"0,806451612903226";"0,80";"0,00801043840252585";"-0,00522398276774716";"-0,00434661924443021";"0,2457270540561296";"-0,00708576930528959";"7";"2020-06-01";"2026-08-01";"75";"40";"1,000000000000000";"0,595668090895305";"0,625382960132542";"0,828359157404527";"Riza Lotus Plus Advisory";"36";"IDA-DI";"0,00724773810070217";"IDA LIQ-DI";"0,805072299814049";TRUE
"JGP Crédito Advisory FIF Multimercado CP RL";"JGP Crédito Advisory";"JGP Crédito Advisory";"JGP CRÉDITO ADVISORY RESP LIMITADA FIF MULTIMERCADO CRÉDITO PRIVADO";"0,0110";FALSE;"2023-09-01";"2026-08-01";"36";"36";"2023-09-01";"2026-08-31";TRUE;NA;"2017-12-21";"2026-09-21";"2196";"2023-09-01";"2026-08-01";"36";"0,01393321543826054";"0,750000000000000";"0,870967741935484";"1,00";"0,00743366254990101";"-0,00498661234092634";"-0,00307274003534426";"0,2586638009076830";"-0,00752793649720429";"3";"2018-01-01";"2026-08-01";"104";"69";"0,927536231884058";"0,615446633829724";"0,644154526604728";"0,796405821055964";"XP Corporate Top";"36";"IDA-DI";"0,00813390166539149";"IDA-DI";"0,664214315983603";TRUE
"Novus Crédito FIM CP LP";"Novus Crédito";"Novus Crédito";"NOVUS CRÉDITO HIGH GRADE FI MULTIMERCADO LP";"0,0070";FALSE;"2023-09-01";"2026-08-01";"36";"36";"2023-09-01";"2026-08-31";TRUE;NA;"2022-09-16";"2026-09-21";"1007";"2023-09-01";"2026-08-01";"36";"0,01215970651926934";"0,722222222222222";"0,709677419354839";"0,76";"0,00809282382323827";"-0,00772866221770663";"-0,00389525425551858";"0,3111984243053684";"-0,00819645202499553";NA;"2022-10-01";"2026-08-01";"47";"12";"1,000000000000000";"0,654444635108445";"0,658169752873570";"0,874558650453615";"Bocom BBM Corporate Credit II";"36";"IDA-DI";"0,00678570426920103";"IDA-DI";"0,780918924561989";TRUE
"JGP Corporate FIC de FIF RF CP LP FEEDER II RL";"JGP Corporate FEEDER II";"JGP Corporate FEEDER II";"JGP CORPORATE FEEDER III RESP LIMITADA FIF CIC RENDA FIXA CRÉDITO PRIVADO LP";"0,0060";FALSE;"2023-09-01";"2026-08-01";"36";"36";"2023-09-01";"2026-08-31";TRUE;NA;"2016-06-15";"2026-09-21";"2578";"2023-09-01";"2026-08-01";"36";"0,01142716797507881";"0,750000000000000";"0,709677419354839";"0,64";"0,00697266620604440";"-0,00320951443849671";"-0,00233550353429779";"0,3197694264734379";"-0,00785036258795957";"5";"2016-07-01";"2026-08-01";"121";"79";"0,898734177215190";"0,571191223991892";"0,590975698536234";"0,793832775041237";"Sparta Top";"36";"IRF-M 1";"0,00781131788727073";"IDA-DI";"0,683892016440562";TRUE
"SulAmérica Crédito ESG FIRF CP LP IS";"SulAmérica Crédito ESG";"SulAmérica Crédito ESG";"SULAMÉRICA CRÉDITO ESG INVEST SUSTENTÁVEL RESP LIMITADA FIF RENDA FIXA CRÉDITO PRIVADO LP";"0,0060";FALSE;"2023-09-01";"2026-08-01";"36";"36";"2023-09-01";"2026-08-31";TRUE;NA;"2020-12-08";"2026-09-21";"1453";"2023-09-01";"2026-08-01";"36";"0,01124162109053084";"0,805555555555556";"0,838709677419355";"0,96";"0,00487827929649941";"-0,00258508973869698";"-0,00190709198124417";"0,3938323627678816";"-0,00425308092095600";NA;"2021-01-01";"2026-08-01";"68";"33";"1,000000000000000";"0,692384651313601";"0,703650074750528";"0,887375740779128";"SulAmérica Crédito Ativo";"36";"IRF-M 1";"0,00581248101691310";"IDA-DI";"0,797288998256248";TRUE
"BTG Pactual Crédito Corporativo I FIF em Cotas de FIRF";"BTG Pactual Crédito Corporativo I";"BTG Pactual Crédito Corporativo I";"BTG PACTUAL CRÉDITO CORPORATIVO I FIF CIC RENDA FIXA";"0,0050";FALSE;"2023-09-01";"2026-08-01";"36";"36";"2023-09-01";"2026-08-31";TRUE;NA;"2011-12-23";"2026-09-18";"3702";"2023-09-01";"2026-08-01";"36";"0,01100972054898586";"0,750000000000000";"0,774193548387097";"0,76";"0,00560374475066518";"-0,00326364852788408";"-0,00233749464748445";"0,4729309154016310";"-0,00525983078093961";NA;"2012-01-01";"2026-08-01";"175";"105";"0,819047619047619";"0,667758332515510";"0,688601104143155";"0,881707981219015";"Plural Crédito Corporativo II";"36";"IRF-M 1";"0,00606729410713083";"IDA-DI";"0,824603643831557";TRUE
"Polo Crédito Corporativo Advisory FIC FIF RF CP LP RL";"Polo Crédito Corporativo Advisory";"Polo Crédito Corporativo Advisory";"POLO CRÉDITO CORPORATIVO ADVISORY RESP LIMITADA FIF CIC RENDA FIXA CRÉDITO PRIVADO LP";"0,0050";FALSE;"2023-09-01";"2026-08-01";"36";"36";"2023-09-01";"2026-08-31";TRUE;NA;"2018-10-23";"2026-09-18";"1986";"2023-09-01";"2026-08-01";"36";"0,01088072174418864";"0,777777777777778";"0,806451612903226";"0,80";"0,00979192279186583";"-0,00629194629741170";"-0,00583089963207909";"0,0877863016164779";"-0,01192150922435131";NA;"2018-11-01";"2026-08-01";"94";"59";"1,000000000000000";"0,630097707622881";"0,640456702057717";"0,873338666129060";"Selection Light";"36";"IDA-DI";"0,00774588292193436";"IDA-DI";"0,722406679665794";TRUE
"Vinland Crédito Multimercado FIC FI CP";"Vinland Crédito";"Vinland Crédito";"VINLAND CRÉDITO RESP LIMITADA FIF CIC MULTIMERCADO CRÉDITO PRIVADO";"0,0070";FALSE;"2023-09-01";"2026-08-01";"36";"36";"2023-09-01";"2026-08-31";TRUE;NA;"2022-10-28";"2026-09-21";"978";"2023-09-01";"2026-08-01";"36";"0,01080813018521165";"0,805555555555556";"0,806451612903226";"0,72";"0,00740205536609561";"-0,00413760620256065";"-0,00406485000057355";"0,4153311619154074";"-0,01239842739190644";NA;"2022-11-01";"2026-08-01";"46";"11";"1,000000000000000";"0,677147464168753";"0,711190725988041";"0,913380805085554";"Absolute Creta Advisory";"36";"IDA-DI";"0,00722545069892413";"IDA-DI";"0,750710345793536";TRUE
"SulAmérica Crédito Ativo FIRF CP LP";"SulAmérica Crédito Ativo";"SulAmérica Crédito Ativo";"SULAMÉRICA CRÉDITO ATIVO RESP LIMITADA FIF RENDA FIXA CRÉDITO PRIVADO LP";"0,0060";FALSE;"2023-09-01";"2026-08-01";"36";"36";"2023-09-01";"2026-08-31";TRUE;NA;"2012-03-27";"2026-09-21";"3638";"2023-09-01";"2026-08-01";"36";"0,01078449087593936";"0,805555555555556";"0,838709677419355";"0,96";"0,00487763261731642";"-0,00330146383724783";"-0,00221988236102699";"0,2602193109631302";"-0,00403195251357757";NA;"2012-04-01";"2026-08-01";"172";"102";"0,813725490196078";"0,689286676637021";"0,718687963281175";"0,887375740779128";"SulAmérica Crédito ESG";"36";"IRF-M 1";"0,00545775826776349";"IDA-DI";"0,814831510306994";TRUE
"Root Capital Crédito HG Plus FIC de FIF Multimercado CP RL";"Root Capital Crédito HG Plus";"Root Capital Crédito HG Plus";"ROOT CAPITAL CRÉDITO HG PLUS RESP LIMITADA FIF CIC MULTIMERCADO CRÉDITO PRIVADO";"0,0104";FALSE;"2023-09-01";"2026-08-01";"36";"36";"2023-09-01";"2026-08-31";TRUE;NA;"2021-12-31";"2026-09-21";"1186";"2023-09-01";"2026-08-01";"36";"0,01045075429056919";"0,805555555555556";"0,870967741935484";"1,00";"0,00431000209142840";"-0,00325902193672267";"-0,00186709629809882";"0,2773064585198841";"-0,00524310868892264";"3";"2022-01-01";"2026-08-01";"56";"21";"1,000000000000000";"0,656749651328865";"0,673750751018571";"0,906636889053369";"Porto Seguro Ipê";"36";"IRF-M 1";"0,00506924008715877";"IDA-DI";"0,797585648628742";TRUE
"Daycoval Classic 30 FIRF CP";"Daycoval Classic 30";"Daycoval Classic 30";"DAYCOVAL CLASSIC 30 FIF";"0,0040";FALSE;"2023-09-01";"2026-08-01";"36";"36";"2023-09-01";"2026-08-31";TRUE;NA;"2018-06-29";"2026-09-21";"2067";"2023-09-01";"2026-08-01";"36";"0,01022375935303432";"0,916666666666667";"0,870967741935484";"1,00";"0,00445705429345142";"-0,00427544754240028";"-0,00207572569700543";"0,3355027219908099";"-0,00427544754240039";"5";"2018-07-01";"2026-08-01";"98";"63";"1,000000000000000";"0,644702374678285";"0,668496036604661";"0,887174288579001";"Plural Crédito Corporativo II";"36";"IRF-M 1";"0,00523540692133738";"IDA-DI";"0,810945421241420";TRUE
"Absolute Creta Advisory FIF FIRF";"Absolute Creta Advisory";"Absolute Creta Advisory";"ABSOLUTE CRETA ADVISORY FIF CIC RENDA FIXA";"0,0058";FALSE;"2023-09-01";"2026-08-01";"36";"36";"2023-09-01";"2026-08-31";TRUE;NA;"2022-10-31";"2026-09-21";"977";"2023-09-01";"2026-08-01";"36";"0,00985991355488092";"0,750000000000000";"0,741935483870968";"0,72";"0,00840381631522508";"-0,00615388015032925";"-0,00474365489139065";"0,2679696715526937";"-0,01406972434535148";NA;"2022-11-01";"2026-08-01";"46";"11";"1,000000000000000";"0,676976492723756";"0,707265433607990";"0,913380805085554";"Vinland Crédito";"36";"IDA-DI";"0,00658773938271835";"IDA-DI";"0,795904643612410";TRUE
"AZ Quest Altro Advisory FIC de FIF Multimercado CP";"AZ Quest Altro Advisory";"AZ Quest Altro Advisory";"AZ QUEST ALTRO ADVISORY FIF CIC MULTIMERCADO CRÉDITO PRIVADO";"0,0080";FALSE;"2023-09-01";"2026-08-01";"36";"36";"2023-09-01";"2026-08-31";TRUE;NA;"2019-09-26";"2026-09-18";"1753";"2023-09-01";"2026-08-01";"36";"0,00972832445083061";"0,722222222222222";"0,806451612903226";"0,76";"0,01288111210953325";"-0,01791421870813081";"-0,00746658849064685";"0,2656377339852120";"-0,02171675578140331";NA;"2019-10-01";"2026-08-01";"83";"48";"1,000000000000000";"0,575573366109666";"0,599024121649037";"0,845108822190478";"SPX Seahawk Advisory";"36";"IDA-DI";"0,00944715944103284";"IDA-DI";"0,698525571413631";TRUE
"BOCOM BBM Corporate Credit Plus FIF CIC MULT CP RL";"BOCOM BBM Corporate Credit Plus MULT";"BOCOM BBM Corporate Credit Plus MULT";"BOCOM BBM CORPORATE CREDIT PLUS RESP LIMITADA FIF CIC MULTIMERCADO CRÉDITO PRIVADO";"0,0090";FALSE;"2023-09-01";"2026-08-01";"36";"36";"2023-09-01";"2026-08-31";TRUE;NA;"2019-12-30";"2026-09-21";"1689";"2023-09-01";"2026-08-01";"36";"0,00954067002044989";"0,750000000000000";"0,903225806451613";"1,00";"0,00565376448647127";"-0,00348691767362674";"-0,00297544150880709";"-0,1165011708514686";"-0,00348691767362685";"2";"2020-01-01";"2026-08-01";"80";"45";"1,000000000000000";"0,432043411576074";"0,410087484153506";"0,890335887627416";"Bocom BBM Corporate Credit II";"36";"IRF-M 1";"0,00658163286481603";"IDA-DI";"0,557277823222650";TRUE
"Riza Lotus Plus Advisory FIF RF";"Riza Lotus Plus Advisory";"Riza Lotus Plus Advisory";"RIZA LÓTUS PLUS ADVISORY FIF CIC RENDA FIXA";"0,0050";FALSE;"2023-09-01";"2026-08-01";"36";"36";"2023-09-01";"2026-08-31";TRUE;NA;"2021-11-01";"2026-09-21";"1228";"2023-09-01";"2026-08-01";"36";"0,00941657216619252";"0,750000000000000";"0,645161290322581";"0,52";"0,00778417706876595";"-0,00740914072668353";"-0,00441412034075017";"0,2572973371524587";"-0,01035706354902588";NA;"2021-11-01";"2026-08-01";"58";"23";"0,826086956521739";"0,490782119249356";"0,496669669964868";"0,828359157404527";"Compass Yield 30";"36";"IRF-M 1";"0,00815040849503156";"IDA LIQ-DI";"0,844358815223412";TRUE
"AF Invest Geraes 30 FIRF CP";"AF Invest Geraes 30";"AF Invest Geraes 30";"AF INVEST GERAES 30 FIF RENDA FIXA";"0,0050";FALSE;"2023-09-01";"2026-08-01";"36";"36";"2023-09-01";"2026-08-31";TRUE;NA;"2018-03-29";"2026-09-21";"2130";"2023-09-01";"2026-08-01";"36";"0,00921888142700600";"0,638888888888889";"0,580645161290323";"0,76";"0,00989023385798083";"-0,00978572033695879";"-0,00575470941293987";"0,2690479693103521";"-0,01282165812960256";NA;"2018-04-01";"2026-08-01";"101";"66";"0,787878787878788";"0,542119711100496";"0,557762788419863";"0,763174952638679";"SPX Seahawk Advisory";"36";"IDA-DI";"0,00899068071617943";"IDA-DI";"0,626265256850354";TRUE
"Occam Crédito Corporativo 30 FIC FIF RF CP LP RL";"Occam Crédito Corporativo 30";"Occam Crédito Corporativo 30";"OCCAM CRÉDITO CORPORATIVO 30 RESP LIMITADA FIF CIC RENDA FIXA";"0,0060";FALSE;"2023-09-01";"2026-08-01";"36";"36";"2023-09-01";"2026-08-31";TRUE;NA;"2022-12-29";"2026-09-21";"936";"2023-09-01";"2026-08-01";"36";"0,00904524514071370";"0,805555555555556";"0,741935483870968";"0,96";"0,00582423209913931";"-0,00604507609946137";"-0,00343120977643777";"0,2277706285644504";"-0,00677811667102635";"6";"2023-01-01";"2026-08-01";"44";"9";"1,000000000000000";"0,690080577500603";"0,717079652738888";"0,903131876208608";"Plural Crédito Corporativo II";"36";"IRF-M 1";"0,00550445382294512";"IDA-DI";"0,922653976962498";TRUE
"Sparta Max Advisory FIC de FIF RF CP LP RL";"Sparta Max Advisory";"Sparta Max Advisory";"SPARTA MAX ADVISORY RESP LIMITADA FIF CIC RENDA FIXA CRÉDITO PRIVADO LP";"0,0035";FALSE;"2023-09-01";"2026-08-01";"36";"36";"2023-09-01";"2026-08-31";TRUE;NA;"2019-05-02";"2026-09-21";"1858";"2023-09-01";"2026-08-01";"36";"0,00889691201311926";"0,666666666666667";"0,709677419354839";"0,60";"0,00683862392769827";"-0,00395623014356028";"-0,00293815182258472";"0,3365258549186759";"-0,00633274814820972";NA;"2019-05-01";"2026-08-01";"88";"53";"1,000000000000000";"0,597480027546466";"0,615163168476104";"0,969320705668829";"Sparta Top";"36";"IDA-DI";"0,00756611268038724";"IDA-DI";"0,724152030980941";TRUE
"SPX Seahawk Advisory FIC FIRF CP LP";"SPX Seahawk Advisory";"SPX Seahawk Advisory";"SPX SEAHAWK ADVISORY RESP LIMITADA FIF CIC RENDA FIXA CRÉDITO PRIVADO LP";"0,0060";FALSE;"2023-09-01";"2026-08-01";"36";"36";"2023-09-01";"2026-08-31";TRUE;NA;"2020-01-02";"2026-09-21";"1687";"2023-09-01";"2026-08-01";"36";"0,00880306451362811";"0,777777777777778";"0,612903225806452";"0,64";"0,01016884964607359";"-0,01113886227606375";"-0,00644199990546760";"0,3593654628964192";"-0,01927985073435512";NA;"2020-01-01";"2026-08-01";"80";"45";"1,000000000000000";"0,660033552772393";"0,687368031677576";"0,888590537316944";"Porto Seguro Ipê";"36";"IDA-DI";"0,00570676903302586";"IDA-DI";"0,855424274706716";TRUE
"Bocom BBM Corporate Credit II FIF RF CP RL";"Bocom BBM Corporate Credit II";"Bocom BBM Corporate Credit II";"BOCOM BBM CORPORATE CREDIT II RESP LIMITADA FIF CIC RENDA FIXA CRÉDITO PRIVADO";"0,0060";FALSE;"2023-09-01";"2026-08-01";"36";"36";"2023-09-01";"2026-08-31";TRUE;NA;"2023-04-11";"2026-09-21";"866";"2023-09-01";"2026-08-01";"36";"0,00843764336493869";"0,750000000000000";"0,870967741935484";"1,00";"0,00410482461133599";"-0,00320344262184469";"-0,00174917461564080";"0,0244852750674514";"-0,00320344262184469";"5";"2023-05-01";"2026-08-01";"40";"5";"1,000000000000000";"0,624294362199883";"0,632279351612463";"0,890335887627416";"BOCOM BBM Corporate Credit Plus MULT";"36";"IRF-M 1";"0,00517808570707092";"IDA-DI";"0,774436041587365";TRUE
"Porto Seguro Ipê RF FIC FI CP LP";"Porto Seguro Ipê";"Porto Seguro Ipê";"PORTO SEGURO IPÊ RESP LIMITADA FIF CIC RENDA FIXA CRÉDITO PRIVADO LP";"0,0050";FALSE;"2023-09-01";"2026-08-01";"36";"36";"2023-09-01";"2026-08-31";TRUE;NA;"2019-12-02";"2026-09-21";"1708";"2023-09-01";"2026-08-01";"36";"0,00840893154061040";"0,750000000000000";"0,806451612903226";"0,88";"0,00464028128296038";"-0,00385036047333975";"-0,00243153393517104";"0,3673228971728925";"-0,00608283858675052";NA;"2019-12-01";"2026-08-01";"81";"46";"1,000000000000000";"0,649003930695716";"0,651193839595132";"0,906636889053369";"Root Capital Crédito HG Plus";"36";"IRF-M 1";"0,00553304393588836";"IDA-DI";"0,817745666652088";TRUE
"Integral FIRF CP";"Integral";"Integral";"INTEGRAL FIF RENDA FIXA";"0,0075";FALSE;"2023-09-01";"2026-08-01";"36";"36";"2023-09-01";"2026-08-31";TRUE;NA;"2012-04-25";"2026-09-18";"3617";"2023-09-01";"2026-08-01";"36";"0,00833878054807724";"0,722222222222222";"0,741935483870968";"0,88";"0,00677925891799986";"-0,00550472788486722";"-0,00365722270404326";"0,0962059446861900";"-0,00564712680578172";"3";"2012-05-01";"2026-08-01";"171";"101";"0,970297029702970";"0,642334838892118";"0,665349721651711";"0,839928502864420";"Occam Crédito Corporativo 30";"36";"IDA-DI";"0,00610401364793525";"IDA-DI";"0,859983022499726";TRUE
"Iridium Titan Advisory FIC em FIF RF CP RL";"Iridium Titan Advisory";"Iridium Titan Advisory";"IRIDIUM TITAN ADVISORY RESP LIMITADA FIF CIC RENDA FIXA CRÉDITO PRIVADO";"0,0060";FALSE;"2023-09-01";"2026-08-01";"36";"36";"2023-09-01";"2026-08-31";TRUE;NA;"2019-05-07";"2026-09-21";"1855";"2023-09-01";"2026-08-01";"36";"0,00769272090657025";"0,750000000000000";"0,838709677419355";"0,84";"0,00646930540588964";"-0,00537216736237078";"-0,00394116289381844";"0,1312156146065416";"-0,00888708415193395";NA;"2019-06-01";"2026-08-01";"87";"52";"1,000000000000000";"0,432625325171273";"0,401638332632335";"0,825637298825160";"Selection Light";"36";"IRF-M 1";"0,00701564392956002";"IDA-DI";"0,504052393553062";TRUE
"Ibiuna Credit FIF CIC Multimercado CP RL";"Ibiuna Credit";"Ibiuna Credit";"IBIUNA CREDIT RESP LIMITADA FIF CIC MULTIMERCADO CRÉDITO PRIVADO";"0,0076";FALSE;"2023-09-01";"2026-08-01";"36";"36";"2023-09-01";"2026-08-31";TRUE;NA;"2020-08-03";"2026-09-21";"1541";"2023-09-01";"2026-08-01";"36";"0,00756153055129971";"0,666666666666667";"0,806451612903226";"1,00";"0,00842128811458212";"-0,00667417416501248";"-0,00442605739572214";"-0,1048746381652246";"-0,00675521612832797";"2";"2020-08-01";"2026-08-01";"73";"38";"1,000000000000000";"0,396510446870130";"0,424793781279143";"0,548992472813950";"Vinland Crédito";"36";"IRF-M 1";"0,00880345471740535";"IDA-DI";"0,477025318150990";TRUE
"BNP Paribas Rubi FIF RF CP RL";"BNP Paribas Rubi";"BNP Paribas Rubi";"BNP PARIBAS RUBI RESP LIMITADA FIF CIC RENDA FIXA CRÉDITO PRIVADO";"0,0040";FALSE;"2023-09-01";"2026-08-01";"36";"36";"2023-09-01";"2026-08-31";TRUE;NA;"2014-12-31";"2026-09-18";"2940";"2023-09-01";"2026-08-01";"36";"0,00740192042209542";"0,861111111111111";"0,967741935483871";"1,00";"0,00317416064881723";"-0,00311582402808153";"-0,00151709963645941";"-0,0467379666903092";"-0,00363111127131210";"2";"2015-01-01";"2026-08-01";"139";"79";"0,746835443037975";"0,556087866103127";"0,569070683796498";"0,981703727204505";"BNP Paribas Match Plus 30 Advisory";"36";"IRF-M 1";"0,00418117510530297";"IDA-DI";"0,599554906845738";TRUE
"Sparta Top FIC FIF RF CP LP - Resp Limitada";"Sparta Top";"Sparta Top";"SPARTA TOP RESP LIMITADA FIF CIC RENDA FIXA CRÉDITO PRIVADO LP";"0,0030";FALSE;"2023-09-01";"2026-08-01";"36";"36";"2023-09-01";"2026-08-31";TRUE;NA;"2012-02-08";"2026-09-21";"3670";"2023-09-01";"2026-08-01";"36";"0,00735356051669189";"0,694444444444444";"0,677419354838710";"0,56";"0,00550663856826191";"-0,00380416764572944";"-0,00269843170355573";"0,3070752048694757";"-0,00532925724050948";NA;"2012-03-01";"2026-08-01";"173";"103";"0,893203883495146";"0,627668098356187";"0,630898663568775";"0,969320705668829";"Sparta Max Advisory";"36";"IRF-M 1";"0,00610024978384322";"IDA-DI";"0,769487717428147";TRUE
"Augme 30 Advisory CIC RF CP LP RL";"Augme 30 Advisory";"Augme 30 Advisory";"AUGME 30 ADVISORY FIF CIC RENDA FIXA";"0,0060";FALSE;"2023-09-01";"2026-08-01";"36";"36";"2023-09-01";"2026-08-31";TRUE;NA;"2019-05-28";"2026-09-18";"1839";"2023-09-01";"2026-08-01";"36";"0,00727519942575472";"0,638888888888889";"0,709677419354839";"0,76";"0,00765597511483972";"-0,00544676822296775";"-0,00408363977172773";"-0,1018058663391160";"-0,00865417319412431";NA;"2019-06-01";"2026-08-01";"87";"52";"1,000000000000000";"0,535519310611366";"0,550923339220695";"0,774378684120088";"Selection Light";"36";"IRF-M 1";"0,00831626214251013";"IDA-DI";"0,593293517941940";TRUE
"Arx Vinson Advisory FIC de FIF RF CP RL";"Arx Vinson Advisory";"Arx Vinson Advisory";"ARX VINSON ADVISORY RESP LIMITADA FIF CIC RENDA FIXA CRÉDITO PRIVADO";"0,0050";FALSE;"2023-09-01";"2026-08-01";"36";"36";"2023-09-01";"2026-08-31";TRUE;NA;"2021-07-19";"2026-09-21";"1301";"2023-09-01";"2026-08-01";"36";"0,00725734950162460";"0,666666666666667";"0,806451612903226";"0,80";"0,00589901775140324";"-0,00353765567648878";"-0,00289815348966815";"0,3223283926159462";"-0,00861134786886919";NA;"2021-08-01";"2026-08-01";"61";"26";"1,000000000000000";"0,554643848308824";"0,575593463262181";"0,760204267329834";"Porto Seguro Ipê";"36";"IRF-M 1";"0,00671886793480252";"IDA-DI";"0,682662805224083";TRUE
"Principal Claritas FIF RF";"Principal Claritas";"Principal Claritas";"PRINCIPAL CLARITAS FIF RENDA FIXA";"0,0050";FALSE;"2023-09-01";"2026-08-01";"36";"36";"2023-09-01";"2026-08-31";TRUE;NA;"2010-05-05";"2026-09-18";"4115";"2023-09-01";"2026-08-01";"36";"0,00724643252398272";"0,750000000000000";"0,612903225806452";"0,92";"0,00633182688509451";"-0,00757093501348849";"-0,00382044381032106";"-0,0188641448408524";"-0,00757093501348849";"7";"2010-06-01";"2026-08-01";"194";"124";"0,967741935483871";"0,616019665797786";"0,636176278915778";"0,878351363164788";"Occam Crédito Corporativo 30";"36";"IRF-M 1";"0,00583414863772596";"IDA-DI";"0,822484931542564";TRUE
"XP Corporate Plus FIC FIF Multi CP RL";"XP Corporate Plus";"XP Corporate Plus";"XP CORPORATE PLUS RESP LIMITADA FIF CIC MULTIMERCADO CRÉDITO PRIVADO";"0,0075";FALSE;"2023-09-01";"2026-08-01";"36";"36";"2023-09-01";"2026-08-31";TRUE;NA;"2016-07-04";"2026-09-21";"2565";"2023-09-01";"2026-08-01";"36";"0,00705575644003775";"0,638888888888889";"0,516129032258065";"0,36";"0,01479049735072567";"-0,00778053185703553";"-0,00674238273161872";"0,2051718099707190";"-0,02583167956984556";NA;"2016-08-01";"2026-08-01";"120";"79";"0,936708860759494";"0,463292780455853";"0,462821052023675";"0,805917300234965";"XP Corporate Top";"36";"IDA-DI";"0,01441491184219557";"IDA-DI";"0,398390907722874";TRUE
"BNP Paribas Match Plus 30 Advisory FIF RF CP LP RL";"BNP Paribas Match Plus 30 Advisory";"BNP Paribas Match Plus 30 Advisory";"BNP PARIBAS MATCH PLUS 30 ADVISORY RESP LIMITADA FIF CIC RENDA FIXA CRÉDITO PRIVADO LP";"0,0065";FALSE;"2023-09-01";"2026-08-01";"36";"36";"2023-09-01";"2026-08-31";TRUE;NA;"2023-04-03";"2026-09-18";"870";"2023-09-01";"2026-08-01";"36";"0,00615930331893111";"0,888888888888889";"0,870967741935484";"0,96";"0,00411586643576198";"-0,00478393566012214";"-0,00224848115857605";"-0,0825633733797338";"-0,00554352812016012";"3";"2023-04-01";"2026-08-01";"41";"6";"1,000000000000000";"0,512142363576644";"0,523385065849423";"0,981703727204505";"BNP Paribas Rubi";"36";"IRF-M 1";"0,00480804763660940";"IDA-DI";"0,525015719192721";TRUE
"Selection RF Light FIC FIRF CP LP";"Selection Light";"Selection Light";"SELECTION RF LIGHT FIC RENDA FIXA CRÉDITO PRIVADO LP";"0,0031";FALSE;"2023-09-01";"2026-08-01";"36";"36";"2023-09-01";"2026-08-31";TRUE;NA;"2016-08-26";"2026-09-18";"2525";"2023-09-01";"2026-08-01";"36";"0,00603253954948868";"0,750000000000000";"0,774193548387097";"0,72";"0,00570640661332153";"-0,00520304310018771";"-0,00317608629394635";"0,2791553658788133";"-0,00801614387425142";NA;"2016-09-01";"2026-08-01";"119";"79";"0,797468354430380";"0,637480707879709";"0,645957842271159";"0,893189312608172";"Root Capital Crédito HG Plus";"36";"IRF-M 1";"0,00603287178954949";"IDA-DI";"0,770924977341945";TRUE
"Atena Yield D30 FIC de FIF RF CP RL";"Atena Yield D30";"Atena Yield D30";"ATENA YIELD D30 FIF CIC RENDA FIXA";"0,0085";FALSE;"2023-09-01";"2026-08-01";"36";"36";"2023-09-01";"2026-08-31";TRUE;NA;"2018-12-11";"2026-09-21";"1954";"2023-09-01";"2026-08-01";"36";"0,00587071265196371";"0,888888888888889";"0,870967741935484";"1,00";"0,00246469439919892";"-0,00254927062827048";"-0,00117803254286638";"0,0460242272065504";"-0,00303773386534956";"4";"2019-01-01";"2026-08-01";"92";"57";"1,000000000000000";"0,537055607154245";"0,528676717916193";"0,833427618919609";"Principal Claritas";"36";"IRF-M 1";"0,00350963771693238";"IDA-DI";"0,769354094105961";TRUE
"XP Corporate Top CP FIF FIRF LP RL";"XP Corporate Top";"XP Corporate Top";"XP CORPORATE TOP RESP LIMITADA FIF RENDA FIXA CRÉDITO PRIVADO LP";"0,0075";FALSE;"2023-09-01";"2026-08-01";"36";"36";"2023-09-01";"2026-08-31";TRUE;NA;"2003-02-19";"2026-09-21";"5924";"2023-09-01";"2026-08-01";"36";"0,00554781902350321";"0,611111111111111";"0,516129032258065";"0,48";"0,00584820786153609";"-0,00383798830497561";"-0,00313551042711087";"0,3346307625557566";"-0,00984278858497700";NA;"2003-03-01";"2026-08-01";"280";"175";"0,908571428571429";"0,624984181947089";"0,630226734985791";"0,873241713945458";"XP Corporate Light";"36";"IRF-M 1";"0,00647633058004368";"IDA-DI";"0,655163341338807";TRUE
"Western Asset Total Credit Plus FIF";"Western Asset Total Credit Plus";"Western Asset Total Credit Plus";"WESTERN ASSET TOTAL CREDIT PLUS CI RESP LIMITADA RENDA FIXA CRÉDITO PRIVADO";"0,0065";FALSE;"2023-09-01";"2026-08-01";"36";"36";"2023-09-01";"2026-08-31";TRUE;NA;"2023-07-27";"2026-09-18";"791";"2023-09-01";"2026-08-01";"36";"0,00534904262299540";"0,611111111111111";"0,483870967741935";"0,56";"0,00523075514029086";"-0,00331187519954168";"-0,00213737365171000";"0,2016054139016315";"-0,00593936428602815";NA;"2023-08-01";"2026-08-01";"37";"2";"1,000000000000000";"0,490051106812693";"0,501702342286163";"0,744880447675330";"Occam Crédito Corporativo 30";"36";"IRF-M 1";"0,00552393588625538";"IDA-DI";"0,686679191636254";TRUE
"Safra Polaris Classe de Investimento RF CP RL";"Safra Polaris";"Safra Polaris";"SAFRA POLARIS RESP LIMITADA FIF RENDA FIXA CRÉDITO PRIVADO";"0,0060";FALSE;"2023-09-01";"2026-08-01";"36";"36";"2023-09-01";"2026-08-31";TRUE;NA;"2019-07-26";"2026-09-21";"1798";"2023-09-01";"2026-08-01";"36";"0,00518852851313278";"0,722222222222222";"0,645161290322581";"0,72";"0,00453476854452238";"-0,00366489006580073";"-0,00252962705865741";"-0,0856868877426583";"-0,00480208187459363";NA;"2019-08-01";"2026-08-01";"85";"50";"1,000000000000000";"0,599933313309064";"0,607179293477273";"0,824961961232007";"Plural Crédito Corporativo II";"36";"IRF-M 1";"0,00501288581914028";"IDA-DI";"0,734978419400472";TRUE
"XP Corporate Light FIRF CP LP";"XP Corporate Light";"XP Corporate Light";"XP CORPORATE LIGHT RESP LIMITADA FIF CIC RENDA FIXA CRÉDITO PRIVADO LP";"0,0050";FALSE;"2023-09-01";"2026-08-01";"36";"36";"2023-09-01";"2026-08-31";TRUE;NA;"2009-11-04";"2026-09-21";"4240";"2023-09-01";"2026-08-01";"36";"0,00508951327926699";"0,666666666666667";"0,677419354838710";"0,76";"0,00322441335440347";"-0,00179763299852620";"-0,00127394331346161";"0,2966085661229250";"-0,00323844074834223";NA;"2009-12-01";"2026-08-01";"200";"130";"0,807692307692308";"0,636711791571463";"0,644143432953026";"0,873241713945458";"XP Corporate Top";"36";"IRF-M 1";"0,00427985108882380";"IDA-DI";"0,689153448009932";TRUE
"Safra Grand Vitesse FIRF CP";"Safra Grand Vitesse";"Safra Grand Vitesse";"SAFRA GRAND VITESSE RESP LIMITADA FIF RENDA FIXA CRÉDITO PRIVADO";"0,0025";FALSE;"2023-09-01";"2026-08-01";"36";"36";"2023-09-01";"2026-08-31";TRUE;NA;"2018-08-31";"2026-09-21";"2022";"2023-09-01";"2026-08-01";"36";"0,00482803928156161";"0,722222222222222";"0,741935483870968";"0,72";"0,00498777361554007";"-0,00573372163850383";"-0,00295497056703505";"-0,1857142047268116";"-0,00573372163850394";"14";"2018-09-01";"2026-08-01";"96";"61";"0,918032786885246";"0,586764488762077";"0,604161298864027";"0,926796699182397";"Safra Vitesse";"36";"IRF-M 1";"0,00456564515195331";"IDA-DI";"0,826910571671817";TRUE
"Plural Crédito Corporativo II FIC de FIF RF CP LP RL";"Plural Crédito Corporativo II";"Plural Crédito Corporativo II";"PLURAL CRÉDITO CORPORATIVO II RESP LIMITADA FIF CIC RENDA FIXA CRÉDITO PRIVADO LP";"0,0050";FALSE;"2023-09-01";"2026-08-01";"36";"36";"2023-09-01";"2026-08-31";TRUE;NA;"2013-09-23";"2026-09-21";"3263";"2023-09-01";"2026-08-01";"36";"0,00473884155055515";"0,694444444444444";"0,580645161290323";"0,76";"0,00331518066068275";"-0,00287541760064103";"-0,00177480047417215";"0,3278527355024209";"-0,00385445592694311";NA;"2013-10-01";"2026-08-01";"154";"84";"0,571428571428571";"0,691174075856685";"0,716402797418164";"0,903131876208608";"Occam Crédito Corporativo 30";"36";"IRF-M 1";"0,00404971192224966";"IDA-DI";"0,866326583975335";TRUE
"Inter Premium FIF RF CP LP RL";"Inter Premium";"Inter Premium";"INTER PREMIUM RESP LIMITADA FIF RENDA FIXA CRÉDITO PRIVADO LP";"0,0060";FALSE;"2023-09-01";"2026-08-01";"36";"36";"2023-09-01";"2026-08-31";TRUE;NA;"2017-11-01";"2026-09-18";"2229";"2023-09-01";"2026-08-01";"36";"0,00384310433817658";"0,638888888888889";"0,612903225806452";"0,72";"0,00824816451373963";"-0,00866916692803543";"-0,00478820839346805";"-0,0556990527781136";"-0,00934226656826453";NA;"2017-11-01";"2026-08-01";"106";"71";"0,521126760563380";"0,491071323873545";"0,535584761307467";"0,703089564094637";"Principal Claritas";"36";"IDA-DI";"0,00797815127074576";"IDA-DI";"0,681691314445558";TRUE
"ARX Everest Advisory FIC de FIF RF CP RL";"ARX Everest Advisory";"ARX Everest Advisory";"ARX EVEREST ADVISORY RESP LIMITADA FIF CIC RENDA FIXA CRÉDITO PRIVADO";"0,0070";FALSE;"2023-09-01";"2026-08-01";"36";"36";"2023-09-01";"2026-08-31";TRUE;NA;"2020-02-06";"2026-09-21";"1662";"2023-09-01";"2026-08-01";"36";"0,00371549816833383";"0,611111111111111";"0,677419354838710";"0,72";"0,01650051310917254";"-0,02216573153830848";"-0,01057409393080292";"-0,0305188188659279";"-0,02279286047245188";"8";"2020-03-01";"2026-08-01";"78";"43";"0,976744186046512";"0,317568848345225";"0,285294766431727";"0,753304854445835";"Iridium Titan Advisory";"36";"IRF-M 1";"0,01669753884228425";"IDA-DI";"0,292438331330460";TRUE
"Valora Absolute FIF RF CP LP RL";"Valora Absolute";"Valora Absolute";"VALORA ABSOLUTE RESP LIMITADA FIF RENDA FIXA CRÉDITO PRIVADO LP";"0,0050";FALSE;"2023-09-01";"2026-08-01";"36";"36";"2023-09-01";"2026-08-31";TRUE;NA;"2009-01-19";"2026-09-18";"4437";"2023-09-01";"2026-08-01";"36";"0,00367799887651588";"0,694444444444444";"0,645161290322581";"0,64";"0,00945613170831886";"-0,00548884770317104";"-0,00519733448284772";"0,0981460413793703";"-0,01699961727181099";NA;"2009-02-01";"2026-08-01";"210";"140";"0,957142857142857";"0,619115469533565";"0,628996119034947";"0,785545819025354";"Absolute Creta Advisory";"36";"IDA-DI";"0,00793086173044550";"IDA-DI";"0,702849747119010";TRUE
"Safra Vitesse Classe de Investimento RF CP RL";"Safra Vitesse";"Safra Vitesse";"SAFRA VITESSE RESP LIMITADA FIF RENDA FIXA CRÉDITO PRIVADO";"0,0050";FALSE;"2023-09-01";"2026-08-01";"36";"36";"2023-09-01";"2026-08-31";TRUE;NA;"2011-08-17";"2026-09-21";"3791";"2023-09-01";"2026-08-01";"36";"0,00355362858656783";"0,750000000000000";"0,645161290322581";"1,00";"0,00282914939220286";"-0,00288000894199814";"-0,00156831309472542";"-0,0206627981776061";"-0,00301158257574619";"6";"2011-09-01";"2026-08-01";"179";"109";"0,779816513761468";"0,607533665899386";"0,619266183489468";"0,926796699182397";"Safra Grand Vitesse";"36";"IRF-M 1";"0,00370726512156629";"IDA-DI";"0,864598130839141";TRUE
"Mag High Grade Plus 30 FIF RF CP LP RL";"Mag High Grade Plus 30";"Mag High Grade Plus 30";"MAG HIGH GRADE PLUS 30 RESP LIMITADA FIF RENDA FIXA CRÉDITO PRIVADO LP";"0,0064";FALSE;"2023-09-01";"2026-08-01";"36";"36";"2023-09-01";"2026-08-31";TRUE;NA;"2023-05-25";"2026-09-18";"835";"2023-09-01";"2026-08-01";"36";"0,00251363296384666";"0,583333333333333";"0,806451612903226";"1,00";"0,00329736823742047";"-0,00297420874902776";"-0,00197843287485196";"0,0840945482032943";"-0,00403705874863602";"3";"2023-06-01";"2026-08-01";"39";"4";"1,000000000000000";"0,348739833876712";"0,353503749857531";"0,644463286045955";"Principal Claritas";"36";"IRF-M 1";"0,00354034352618637";"IDA-DI";"0,546722809631649";TRUE
"BB Asset RF CP LP FIC FIF RL";"BB Asset";"BB Asset";"BB ASSET RESP LIMITADA FIF CIC RENDA FIXA CRÉDITO PRIVADO LP";"0,0050";FALSE;"2023-09-01";"2026-08-01";"36";"36";"2023-09-01";"2026-08-31";TRUE;NA;"2022-05-16";"2026-09-18";"1093";"2023-09-01";"2026-08-01";"36";"-0,00039336490086106";"0,583333333333333";"0,451612903225806";"0,44";"0,01051215031063844";"-0,00855347472284906";"-0,00725816756774222";"0,2895091562600299";"-0,02777977244329555";NA;"2022-06-01";"2026-08-01";"51";"16";"0,187500000000000";"0,621795661063149";"0,643377558925070";"0,854738550472222";"SPX Seahawk Advisory";"36";"IDA-DI";"0,00622877067565691";"IDA-DI";"0,830350218932762";TRUE
"Capitânia Premium 45 FIC de FIF RF CP LP RL";"Capitânia Premium 45";"Capitânia Premium 45";"CAPITÂNIA PREMIUM 45 RESP LIMITADA FIF CIC RENDA FIXA CRÉDITO PRIVADO LP";"0,0055";FALSE;"2023-09-01";"2026-08-01";"36";"36";"2023-09-01";"2026-08-31";TRUE;NA;"2014-11-07";"2026-09-21";"2978";"2023-09-01";"2026-08-01";"36";"-0,03509826523521042";"0,250000000000000";"0,193548387096774";"0,00";"0,02033486551699283";"-0,02113135416227241";"-0,01749049685253475";"0,3247012211539489";"-0,10397031658711975";NA;"2014-12-01";"2026-08-01";"140";"79";"0,632911392405063";"0,342086954736019";"0,341444359782762";"0,657655615122959";"AF Invest Geraes 30";"36";"IDA-DI";"0,01870993537428456";"IDA-DI";"0,406924254098193";TRUE
"Augme 30 II CIC de CIRF CP LP RL";"Augme 30 II";"Augme 30 II";"AUGME 30 II RESP LIMITADA FIF RENDA FIXA CRÉDITO PRIVADO LP";"0,0060";FALSE;"2023-09-01";"2026-08-01";"36";"35";"2023-09-01";"2026-08-31";FALSE;"Há meses incompletos na janela comum";"2023-09-29";"2026-09-18";"746";NA;NA;NA;NA;NA;NA;NA;NA;NA;NA;NA;NA;NA;NA;NA;NA;NA;NA;NA;NA;NA;NA;NA;NA;NA;NA;NA;FALSE
"Bradesco Ultra II FIF - CIC RF CP LP - RL";"Bradesco Ultra II";"Bradesco Ultra II";"BRADESCO ULTRA II RESP LIMITADA FIF CIC RENDA FIXA CRÉDITO PRIVADO LP";"0,0060";FALSE;"2024-07-01";"2026-08-01";"26";"26";"2023-09-01";"2026-08-31";FALSE;"Histórico inferior a 36 meses";"2024-07-01";"2026-09-21";"561";NA;NA;NA;NA;NA;NA;NA;NA;NA;NA;NA;NA;NA;NA;NA;NA;NA;NA;NA;NA;NA;NA;NA;NA;NA;NA;NA;FALSE
"Legacy Capital Credit D15 FIF MM CP RL";"Legacy Capital Credit D15";"Legacy Capital Credit D15";"LEGACY CAPITAL CREDIT 15 FIF MULTIMERCADO";"0,0060";FALSE;"2025-03-01";"2026-05-01";"15";"13";"2023-09-01";"2026-08-31";FALSE;"Histórico inferior a 36 meses";"2025-03-14";"2026-05-07";"288";NA;NA;NA;NA;NA;NA;NA;NA;NA;NA;NA;NA;NA;NA;NA;NA;NA;NA;NA;NA;NA;NA;NA;NA;NA;NA;NA;FALSE
"Persevera Yield FIRF LP";"Persevera Yield";"Persevera Yield";"PERSEVERA YIELD FI RENDA FIXA LP";"0,0070";FALSE;"2023-10-01";"2026-08-01";"35";"35";"2023-09-01";"2026-08-31";FALSE;"Histórico inferior a 36 meses";"2023-10-02";"2026-09-21";"746";NA;NA;NA;NA;NA;NA;NA;NA;NA;NA;NA;NA;NA;NA;NA;NA;NA;NA;NA;NA;NA;NA;NA;NA;NA;NA;NA;FALSE
"Tríade CIC CLasses FIM CP Resp Limitada";"Tríade";"Tríade";"TRÍADE FIF CIC MULTIMERCADO";"0,0066";FALSE;"2024-05-01";"2026-08-01";"28";"26";"2023-09-01";"2026-08-31";FALSE;"Histórico inferior a 36 meses";"2024-05-06";"2026-09-21";"596";NA;NA;NA;NA;NA;NA;NA;NA;NA;NA;NA;NA;NA;NA;NA;NA;NA;NA;NA;NA;NA;NA;NA;NA;NA;NA;NA;FALSE
"Vinland Crédito 10 FIC FIRF";"Vinland Crédito 10";"Vinland Crédito 10";"VINLAND CRÉDITO 10 FIC RENDA FIXA";"0,0050";FALSE;"2024-01-01";"2026-08-01";"32";"31";"2023-09-01";"2026-08-31";FALSE;"Histórico inferior a 36 meses";"2024-01-31";"2026-09-21";"664";NA;NA;NA;NA;NA;NA;NA;NA;NA;NA;NA;NA;NA;NA;NA;NA;NA;NA;NA;NA;NA;NA;NA;NA;NA;NA;NA;FALSE
