"fundo_a";"fundo_b";"correlacao";"fundo_a_carteira";"fundo_b_carteira";"envolve_carteira_atual";"tipo_par";"nivel_redundancia"
"BNP Paribas Match Plus 30 Advisory";"BNP Paribas Rubi";"0,981703727204505";FALSE;FALSE;FALSE;"Entre candidatos";"Muito elevada"
"Sparta Max Advisory";"Sparta Top";"0,969320705668829";TRUE;TRUE;TRUE;"Entre posições atuais";"Muito elevada"
"Porto Seguro Ipê";"Root Capital Crédito HG Plus";"0,906636889053369";TRUE;FALSE;TRUE;"Candidato versus posição atual";"Muito elevada"
"Root Capital Crédito HG Plus";"Selection Light";"0,893189312608172";FALSE;FALSE;FALSE;"Entre candidatos";"Elevada"
"Bocom BBM Corporate Credit II";"BOCOM BBM Corporate Credit Plus MULT";"0,890335887627416";FALSE;FALSE;FALSE;"Entre candidatos";"Elevada"
"Porto Seguro Ipê";"SPX Seahawk Advisory";"0,888590537316944";TRUE;TRUE;TRUE;"Entre posições atuais";"Elevada"
"SulAmérica Crédito Ativo";"SulAmérica Crédito ESG";"0,887375740779128";FALSE;FALSE;FALSE;"Entre candidatos";"Elevada"
"Porto Seguro Ipê";"Selection Light";"0,885274619948559";TRUE;FALSE;TRUE;"Candidato versus posição atual";"Elevada"
"Bocom BBM Corporate Credit II";"Novus Crédito";"0,874558650453615";FALSE;FALSE;FALSE;"Entre candidatos";"Elevada"
"Polo Crédito Corporativo Advisory";"Selection Light";"0,873338666129060";TRUE;FALSE;TRUE;"Candidato versus posição atual";"Elevada"
"Polo Crédito Corporativo Advisory";"Root Capital Crédito HG Plus";"0,852054747924458";TRUE;FALSE;TRUE;"Candidato versus posição atual";"Elevada"
"Novus Crédito";"Occam Crédito Corporativo 30";"0,850695961728301";FALSE;FALSE;FALSE;"Entre candidatos";"Elevada"
"Root Capital Crédito HG Plus";"Vinland Crédito";"0,849152817172727";FALSE;FALSE;FALSE;"Entre candidatos";"Atenção"
"BTG Pactual Crédito Corporativo I";"Sparta Top";"0,848428176522098";FALSE;TRUE;TRUE;"Candidato versus posição atual";"Atenção"
"Daycoval Classic 30";"Occam Crédito Corporativo 30";"0,846860600190260";FALSE;FALSE;FALSE;"Entre candidatos";"Atenção"
"AZ Quest Altro Advisory";"SPX Seahawk Advisory";"0,845108822190478";TRUE;TRUE;TRUE;"Entre posições atuais";"Atenção"
"Occam Crédito Corporativo 30";"SulAmérica Crédito Ativo";"0,844713399623548";FALSE;FALSE;FALSE;"Entre candidatos";"Atenção"
"BTG Pactual Crédito Corporativo I";"SulAmérica Crédito ESG";"0,842304682614692";FALSE;FALSE;FALSE;"Entre candidatos";"Atenção"
"Selection Light";"SPX Seahawk Advisory";"0,841780857804405";FALSE;TRUE;TRUE;"Candidato versus posição atual";"Atenção"
"Daycoval Classic 30";"SulAmérica Crédito ESG";"0,840353921747492";FALSE;FALSE;FALSE;"Entre candidatos";"Atenção"
"Novus Crédito";"SulAmérica Crédito Ativo";"0,840081304626103";FALSE;FALSE;FALSE;"Entre candidatos";"Atenção"
"SulAmérica Crédito ESG";"Vinland Crédito";"0,836605426649002";FALSE;FALSE;FALSE;"Entre candidatos";"Atenção"
"Occam Crédito Corporativo 30";"Safra Grand Vitesse";"0,835405567339235";FALSE;FALSE;FALSE;"Entre candidatos";"Atenção"
"Bocom BBM Corporate Credit II";"SulAmérica Crédito Ativo";"0,834972183496102";FALSE;FALSE;FALSE;"Entre candidatos";"Atenção"
"Novus Crédito";"Sparta Top";"0,831455396710309";FALSE;TRUE;TRUE;"Candidato versus posição atual";"Atenção"
"BTG Pactual Crédito Corporativo I";"SulAmérica Crédito Ativo";"0,826994498759405";FALSE;FALSE;FALSE;"Entre candidatos";"Atenção"
"Root Capital Crédito HG Plus";"SulAmérica Crédito ESG";"0,825771760476234";FALSE;FALSE;FALSE;"Entre candidatos";"Atenção"
"Porto Seguro Ipê";"SulAmérica Crédito ESG";"0,823587814921638";TRUE;FALSE;TRUE;"Candidato versus posição atual";"Atenção"
"Root Capital Crédito HG Plus";"SPX Seahawk Advisory";"0,821927906110257";FALSE;TRUE;TRUE;"Candidato versus posição atual";"Atenção"
"BTG Pactual Crédito Corporativo I";"Novus Crédito";"0,820639248302004";FALSE;FALSE;FALSE;"Entre candidatos";"Atenção"
"AZ Quest Altro Advisory";"Porto Seguro Ipê";"0,819863976511494";TRUE;TRUE;TRUE;"Entre posições atuais";"Atenção"
"BTG Pactual Crédito Corporativo I";"Daycoval Classic 30";"0,816166487398960";FALSE;FALSE;FALSE;"Entre candidatos";"Atenção"
"Daycoval Classic 30";"Novus Crédito";"0,807756001266047";FALSE;FALSE;FALSE;"Entre candidatos";"Atenção"
"Daycoval Classic 30";"Safra Grand Vitesse";"0,807613749753877";FALSE;FALSE;FALSE;"Entre candidatos";"Atenção"
"Porto Seguro Ipê";"Vinland Crédito";"0,806349884875815";TRUE;FALSE;TRUE;"Candidato versus posição atual";"Atenção"
"BTG Pactual Crédito Corporativo I";"Sparta Max Advisory";"0,803187224842178";FALSE;TRUE;TRUE;"Candidato versus posição atual";"Atenção"
"Occam Crédito Corporativo 30";"SPX Seahawk Advisory";"0,802796677529118";FALSE;TRUE;TRUE;"Candidato versus posição atual";"Atenção"
"Bocom BBM Corporate Credit II";"Sparta Top";"0,802315842561217";FALSE;TRUE;TRUE;"Candidato versus posição atual";"Atenção"
"AZ Quest Altro Advisory";"Selection Light";"0,799377156998964";TRUE;FALSE;TRUE;"Candidato versus posição atual";"Sem alerta"
"BTG Pactual Crédito Corporativo I";"Occam Crédito Corporativo 30";"0,797104142252215";FALSE;FALSE;FALSE;"Entre candidatos";"Sem alerta"
"Occam Crédito Corporativo 30";"SulAmérica Crédito ESG";"0,796686043267747";FALSE;FALSE;FALSE;"Entre candidatos";"Sem alerta"
"SulAmérica Crédito Ativo";"Vinland Crédito";"0,796297902888637";FALSE;FALSE;FALSE;"Entre candidatos";"Sem alerta"
"BNP Paribas Rubi";"Vinland Crédito";"0,795802944380170";FALSE;FALSE;FALSE;"Entre candidatos";"Sem alerta"
"Novus Crédito";"SulAmérica Crédito ESG";"0,795487256921061";FALSE;FALSE;FALSE;"Entre candidatos";"Sem alerta"
"Selection Light";"Vinland Crédito";"0,794583747836666";FALSE;FALSE;FALSE;"Entre candidatos";"Sem alerta"
"AZ Quest Altro Advisory";"Root Capital Crédito HG Plus";"0,794404446307263";TRUE;FALSE;TRUE;"Candidato versus posição atual";"Sem alerta"
"JGP Corporate FEEDER II";"Sparta Top";"0,793832775041237";FALSE;TRUE;TRUE;"Candidato versus posição atual";"Sem alerta"
"JGP Corporate FEEDER II";"Sparta Max Advisory";"0,793222470873642";FALSE;TRUE;TRUE;"Candidato versus posição atual";"Sem alerta"
"SPX Seahawk Advisory";"SulAmérica Crédito ESG";"0,792641630704766";TRUE;FALSE;TRUE;"Candidato versus posição atual";"Sem alerta"
"Bocom BBM Corporate Credit II";"SulAmérica Crédito ESG";"0,788782384801318";FALSE;FALSE;FALSE;"Entre candidatos";"Sem alerta"
"SPX Seahawk Advisory";"Vinland Crédito";"0,787762715959240";TRUE;FALSE;TRUE;"Candidato versus posição atual";"Sem alerta"
"Occam Crédito Corporativo 30";"Root Capital Crédito HG Plus";"0,787499713907120";FALSE;FALSE;FALSE;"Entre candidatos";"Sem alerta"
"Polo Crédito Corporativo Advisory";"Vinland Crédito";"0,786825815636508";TRUE;FALSE;TRUE;"Candidato versus posição atual";"Sem alerta"
"Occam Crédito Corporativo 30";"Vinland Crédito";"0,785716030058260";FALSE;FALSE;FALSE;"Entre candidatos";"Sem alerta"
"Daycoval Classic 30";"SulAmérica Crédito Ativo";"0,783365200287059";FALSE;FALSE;FALSE;"Entre candidatos";"Sem alerta"
"Bocom BBM Corporate Credit II";"Occam Crédito Corporativo 30";"0,781649259749465";FALSE;FALSE;FALSE;"Entre candidatos";"Sem alerta"
"Polo Crédito Corporativo Advisory";"SulAmérica Crédito ESG";"0,781571188139721";TRUE;FALSE;TRUE;"Candidato versus posição atual";"Sem alerta"
"Compass Yield 30";"Sparta Top";"0,781565069292380";FALSE;TRUE;TRUE;"Candidato versus posição atual";"Sem alerta"
"BTG Pactual Crédito Corporativo I";"JGP Corporate FEEDER II";"0,780946775408306";FALSE;FALSE;FALSE;"Entre candidatos";"Sem alerta"
"Novus Crédito";"Sparta Max Advisory";"0,778242426696341";FALSE;TRUE;TRUE;"Candidato versus posição atual";"Sem alerta"
"BTG Pactual Crédito Corporativo I";"SPX Seahawk Advisory";"0,775490354261822";FALSE;TRUE;TRUE;"Candidato versus posição atual";"Sem alerta"
"BTG Pactual Crédito Corporativo I";"Compass Yield 30";"0,774030857276820";FALSE;FALSE;FALSE;"Entre candidatos";"Sem alerta"
"BTG Pactual Crédito Corporativo I";"Vinland Crédito";"0,773495556157341";FALSE;FALSE;FALSE;"Entre candidatos";"Sem alerta"
"JGP Crédito Advisory";"SulAmérica Crédito Ativo";"0,772438433264751";TRUE;FALSE;TRUE;"Candidato versus posição atual";"Sem alerta"
"Novus Crédito";"Vinland Crédito";"0,772345165693531";FALSE;FALSE;FALSE;"Entre candidatos";"Sem alerta"
"Compass Yield 30";"Occam Crédito Corporativo 30";"0,771424254573190";FALSE;FALSE;FALSE;"Entre candidatos";"Sem alerta"
"Polo Crédito Corporativo Advisory";"Porto Seguro Ipê";"0,770895404092825";TRUE;TRUE;TRUE;"Entre posições atuais";"Sem alerta"
"Bocom BBM Corporate Credit II";"Sparta Max Advisory";"0,769833004295315";FALSE;TRUE;TRUE;"Candidato versus posição atual";"Sem alerta"
"Sparta Top";"SulAmérica Crédito Ativo";"0,769545636357985";TRUE;FALSE;TRUE;"Candidato versus posição atual";"Sem alerta"
"AZ Quest Altro Advisory";"JGP Crédito Advisory";"0,768188257898855";TRUE;TRUE;TRUE;"Entre posições atuais";"Sem alerta"
"Compass Yield 30";"JGP Corporate FEEDER II";"0,766692592630999";FALSE;FALSE;FALSE;"Entre candidatos";"Sem alerta"
"JGP Crédito Advisory";"SPX Seahawk Advisory";"0,763208573861539";TRUE;TRUE;TRUE;"Entre posições atuais";"Sem alerta"
"BNP Paribas Match Plus 30 Advisory";"Vinland Crédito";"0,760908220238240";FALSE;FALSE;FALSE;"Entre candidatos";"Sem alerta"
"JGP Corporate FEEDER II";"Vinland Crédito";"0,760687965342028";FALSE;FALSE;FALSE;"Entre candidatos";"Sem alerta"
"Arx Vinson Advisory";"Porto Seguro Ipê";"0,760204267329834";TRUE;TRUE;TRUE;"Entre posições atuais";"Sem alerta"
"Novus Crédito";"Safra Grand Vitesse";"0,760185153636509";FALSE;FALSE;FALSE;"Entre candidatos";"Sem alerta"
"JGP Crédito Advisory";"Vinland Crédito";"0,759699735285709";TRUE;FALSE;TRUE;"Candidato versus posição atual";"Sem alerta"
"BTG Pactual Crédito Corporativo I";"Porto Seguro Ipê";"0,757516357867916";FALSE;TRUE;TRUE;"Candidato versus posição atual";"Sem alerta"
"JGP Corporate FEEDER II";"JGP Crédito Advisory";"0,755175557869266";FALSE;TRUE;TRUE;"Candidato versus posição atual";"Sem alerta"
"JGP Crédito Advisory";"SulAmérica Crédito ESG";"0,754820784328117";TRUE;FALSE;TRUE;"Candidato versus posição atual";"Sem alerta"
"Bocom BBM Corporate Credit II";"Safra Grand Vitesse";"0,752493751437674";FALSE;FALSE;FALSE;"Entre candidatos";"Sem alerta"
"Root Capital Crédito HG Plus";"SulAmérica Crédito Ativo";"0,752082859111455";FALSE;FALSE;FALSE;"Entre candidatos";"Sem alerta"
"Arx Vinson Advisory";"Selection Light";"0,748186480341353";TRUE;FALSE;TRUE;"Candidato versus posição atual";"Sem alerta"
"Sparta Top";"SulAmérica Crédito ESG";"0,741682449098015";TRUE;FALSE;TRUE;"Candidato versus posição atual";"Sem alerta"
"Sparta Max Advisory";"SulAmérica Crédito Ativo";"0,740571401144060";TRUE;FALSE;TRUE;"Candidato versus posição atual";"Sem alerta"
"Occam Crédito Corporativo 30";"Porto Seguro Ipê";"0,739308003309988";FALSE;TRUE;TRUE;"Candidato versus posição atual";"Sem alerta"
"SPX Seahawk Advisory";"SulAmérica Crédito Ativo";"0,738051886236936";TRUE;FALSE;TRUE;"Candidato versus posição atual";"Sem alerta"
"Selection Light";"SulAmérica Crédito ESG";"0,736291347234048";FALSE;FALSE;FALSE;"Entre candidatos";"Sem alerta"
"BNP Paribas Rubi";"Root Capital Crédito HG Plus";"0,736187086682872";FALSE;FALSE;FALSE;"Entre candidatos";"Sem alerta"
"Compass Yield 30";"Vinland Crédito";"0,735497223998656";FALSE;FALSE;FALSE;"Entre candidatos";"Sem alerta"
"Compass Yield 30";"Daycoval Classic 30";"0,732733529428591";FALSE;FALSE;FALSE;"Entre candidatos";"Sem alerta"
"Sparta Max Advisory";"SulAmérica Crédito ESG";"0,731820368855972";TRUE;FALSE;TRUE;"Candidato versus posição atual";"Sem alerta"
"BNP Paribas Rubi";"Compass Yield 30";"0,729658806271954";FALSE;FALSE;FALSE;"Entre candidatos";"Sem alerta"
"Safra Grand Vitesse";"SulAmérica Crédito Ativo";"0,728485031946423";FALSE;FALSE;FALSE;"Entre candidatos";"Sem alerta"
"Bocom BBM Corporate Credit II";"BTG Pactual Crédito Corporativo I";"0,725770232009878";FALSE;FALSE;FALSE;"Entre candidatos";"Sem alerta"
"JGP Crédito Advisory";"Porto Seguro Ipê";"0,725578954776435";TRUE;TRUE;TRUE;"Entre posições atuais";"Sem alerta"
"Daycoval Classic 30";"SPX Seahawk Advisory";"0,723643791482887";FALSE;TRUE;TRUE;"Candidato versus posição atual";"Sem alerta"
"JGP Crédito Advisory";"Selection Light";"0,723518284466260";TRUE;FALSE;TRUE;"Candidato versus posição atual";"Sem alerta"
"Compass Yield 30";"Novus Crédito";"0,722430346299638";FALSE;FALSE;FALSE;"Entre candidatos";"Sem alerta"
"BTG Pactual Crédito Corporativo I";"JGP Crédito Advisory";"0,722253489407848";FALSE;TRUE;TRUE;"Candidato versus posição atual";"Sem alerta"
"Compass Yield 30";"SPX Seahawk Advisory";"0,721445451080329";FALSE;TRUE;TRUE;"Candidato versus posição atual";"Sem alerta"
"Polo Crédito Corporativo Advisory";"SulAmérica Crédito Ativo";"0,720858778543232";TRUE;FALSE;TRUE;"Candidato versus posição atual";"Sem alerta"
"Sparta Top";"SPX Seahawk Advisory";"0,720160124469205";TRUE;TRUE;TRUE;"Entre posições atuais";"Sem alerta"
"Daycoval Classic 30";"Vinland Crédito";"0,718419104796173";FALSE;FALSE;FALSE;"Entre candidatos";"Sem alerta"
"Occam Crédito Corporativo 30";"Sparta Top";"0,718041719759771";FALSE;TRUE;TRUE;"Candidato versus posição atual";"Sem alerta"
"JGP Corporate FEEDER II";"SPX Seahawk Advisory";"0,717564568442420";FALSE;TRUE;TRUE;"Candidato versus posição atual";"Sem alerta"
"Daycoval Classic 30";"Sparta Top";"0,717552480112750";FALSE;TRUE;TRUE;"Candidato versus posição atual";"Sem alerta"
"Porto Seguro Ipê";"SulAmérica Crédito Ativo";"0,716517148019119";TRUE;FALSE;TRUE;"Candidato versus posição atual";"Sem alerta"
"Bocom BBM Corporate Credit II";"Daycoval Classic 30";"0,714266557942684";FALSE;FALSE;FALSE;"Entre candidatos";"Sem alerta"
"AZ Quest Altro Advisory";"SulAmérica Crédito ESG";"0,711225918687259";TRUE;FALSE;TRUE;"Candidato versus posição atual";"Sem alerta"
"ARX Everest Advisory";"Polo Crédito Corporativo Advisory";"0,707351086662455";TRUE;TRUE;TRUE;"Entre posições atuais";"Sem alerta"
"Occam Crédito Corporativo 30";"Polo Crédito Corporativo Advisory";"0,705575545390246";FALSE;TRUE;TRUE;"Candidato versus posição atual";"Sem alerta"
"Compass Yield 30";"Sparta Max Advisory";"0,704825301683964";FALSE;TRUE;TRUE;"Candidato versus posição atual";"Sem alerta"
"Arx Vinson Advisory";"Vinland Crédito";"0,703962347179910";TRUE;FALSE;TRUE;"Candidato versus posição atual";"Sem alerta"
"Occam Crédito Corporativo 30";"Selection Light";"0,703039388268306";FALSE;FALSE;FALSE;"Entre candidatos";"Sem alerta"
"BOCOM BBM Corporate Credit Plus MULT";"Novus Crédito";"0,697975500350834";FALSE;FALSE;FALSE;"Entre candidatos";"Sem alerta"
"Daycoval Classic 30";"Porto Seguro Ipê";"0,697648141778265";FALSE;TRUE;TRUE;"Candidato versus posição atual";"Sem alerta"
"JGP Corporate FEEDER II";"Porto Seguro Ipê";"0,697210943310525";FALSE;TRUE;TRUE;"Candidato versus posição atual";"Sem alerta"
"Sparta Top";"Vinland Crédito";"0,697204929310451";TRUE;FALSE;TRUE;"Candidato versus posição atual";"Sem alerta"
"Safra Grand Vitesse";"SulAmérica Crédito ESG";"0,696011934592191";FALSE;FALSE;FALSE;"Entre candidatos";"Sem alerta"
"BNP Paribas Match Plus 30 Advisory";"Compass Yield 30";"0,695887932197420";FALSE;FALSE;FALSE;"Entre candidatos";"Sem alerta"
"Compass Yield 30";"Safra Grand Vitesse";"0,695518175148790";FALSE;FALSE;FALSE;"Entre candidatos";"Sem alerta"
"Arx Vinson Advisory";"Root Capital Crédito HG Plus";"0,694786295826011";TRUE;FALSE;TRUE;"Candidato versus posição atual";"Sem alerta"
"Polo Crédito Corporativo Advisory";"SPX Seahawk Advisory";"0,694326636328696";TRUE;TRUE;TRUE;"Entre posições atuais";"Sem alerta"
"Arx Vinson Advisory";"Polo Crédito Corporativo Advisory";"0,690208296812961";TRUE;TRUE;TRUE;"Entre posições atuais";"Sem alerta"
"BTG Pactual Crédito Corporativo I";"Safra Grand Vitesse";"0,689969992591592";FALSE;FALSE;FALSE;"Entre candidatos";"Sem alerta"
"Bocom BBM Corporate Credit II";"Vinland Crédito";"0,689274052404555";FALSE;FALSE;FALSE;"Entre candidatos";"Sem alerta"
"BTG Pactual Crédito Corporativo I";"Selection Light";"0,687232215694718";FALSE;FALSE;FALSE;"Entre candidatos";"Sem alerta"
"AZ Quest Altro Advisory";"Vinland Crédito";"0,685134120740849";TRUE;FALSE;TRUE;"Candidato versus posição atual";"Sem alerta"
"JGP Corporate FEEDER II";"SulAmérica Crédito ESG";"0,685015513212170";FALSE;FALSE;FALSE;"Entre candidatos";"Sem alerta"
"JGP Crédito Advisory";"Root Capital Crédito HG Plus";"0,684608345819595";TRUE;FALSE;TRUE;"Candidato versus posição atual";"Sem alerta"
"JGP Crédito Advisory";"Sparta Max Advisory";"0,683678661399107";TRUE;TRUE;TRUE;"Entre posições atuais";"Sem alerta"
"JGP Crédito Advisory";"Sparta Top";"0,682645846082531";TRUE;TRUE;TRUE;"Entre posições atuais";"Sem alerta"
"Daycoval Classic 30";"Root Capital Crédito HG Plus";"0,682458657857783";FALSE;FALSE;FALSE;"Entre candidatos";"Sem alerta"
"BTG Pactual Crédito Corporativo I";"Root Capital Crédito HG Plus";"0,680600322272573";FALSE;FALSE;FALSE;"Entre candidatos";"Sem alerta"
"Sparta Max Advisory";"SPX Seahawk Advisory";"0,680409427026456";TRUE;TRUE;TRUE;"Entre posições atuais";"Sem alerta"
"BNP Paribas Rubi";"Occam Crédito Corporativo 30";"0,678913635900717";FALSE;FALSE;FALSE;"Entre candidatos";"Sem alerta"
"BNP Paribas Rubi";"Polo Crédito Corporativo Advisory";"0,674914327119945";FALSE;TRUE;TRUE;"Candidato versus posição atual";"Sem alerta"
"BNP Paribas Match Plus 30 Advisory";"Root Capital Crédito HG Plus";"0,674658934810407";FALSE;FALSE;FALSE;"Entre candidatos";"Sem alerta"
"Novus Crédito";"Root Capital Crédito HG Plus";"0,672842567226736";FALSE;FALSE;FALSE;"Entre candidatos";"Sem alerta"
"BNP Paribas Rubi";"SulAmérica Crédito Ativo";"0,672821391818540";FALSE;FALSE;FALSE;"Entre candidatos";"Sem alerta"
"SulAmérica Crédito ESG";"Tivio Institucional 15";"0,667269322960600";FALSE;FALSE;FALSE;"Entre candidatos";"Sem alerta"
"BOCOM BBM Corporate Credit Plus MULT";"SulAmérica Crédito Ativo";"0,666216649856304";FALSE;FALSE;FALSE;"Entre candidatos";"Sem alerta"
"Bocom BBM Corporate Credit II";"JGP Crédito Advisory";"0,665362748327263";FALSE;TRUE;TRUE;"Candidato versus posição atual";"Sem alerta"
"Daycoval Classic 30";"Sparta Max Advisory";"0,665240850198078";FALSE;TRUE;TRUE;"Candidato versus posição atual";"Sem alerta"
"JGP Crédito Advisory";"Occam Crédito Corporativo 30";"0,664708457173851";TRUE;FALSE;TRUE;"Candidato versus posição atual";"Sem alerta"
"Daycoval Classic 30";"Tivio Institucional 15";"0,664199699400091";FALSE;FALSE;FALSE;"Entre candidatos";"Sem alerta"
"Compass Yield 30";"SulAmérica Crédito Ativo";"0,662605827782498";FALSE;FALSE;FALSE;"Entre candidatos";"Sem alerta"
"Arx Vinson Advisory";"JGP Corporate FEEDER II";"0,659778544245284";TRUE;FALSE;TRUE;"Candidato versus posição atual";"Sem alerta"
"Arx Vinson Advisory";"SulAmérica Crédito ESG";"0,659425116117547";TRUE;FALSE;TRUE;"Candidato versus posição atual";"Sem alerta"
"AZ Quest Altro Advisory";"SulAmérica Crédito Ativo";"0,658730129481836";TRUE;FALSE;TRUE;"Candidato versus posição atual";"Sem alerta"
"Polo Crédito Corporativo Advisory";"Safra Grand Vitesse";"0,656462117079791";TRUE;FALSE;TRUE;"Candidato versus posição atual";"Sem alerta"
"BNP Paribas Rubi";"Safra Grand Vitesse";"0,655588897392649";FALSE;FALSE;FALSE;"Entre candidatos";"Sem alerta"
"Arx Vinson Advisory";"SPX Seahawk Advisory";"0,655408533746189";TRUE;TRUE;TRUE;"Entre posições atuais";"Sem alerta"
"Novus Crédito";"SPX Seahawk Advisory";"0,655407339417957";FALSE;TRUE;TRUE;"Candidato versus posição atual";"Sem alerta"
"Selection Light";"SulAmérica Crédito Ativo";"0,654417261924491";FALSE;FALSE;FALSE;"Entre candidatos";"Sem alerta"
"Occam Crédito Corporativo 30";"Sparta Max Advisory";"0,651637317702459";FALSE;TRUE;TRUE;"Candidato versus posição atual";"Sem alerta"
"BTG Pactual Crédito Corporativo I";"Polo Crédito Corporativo Advisory";"0,650584034619890";FALSE;TRUE;TRUE;"Candidato versus posição atual";"Sem alerta"
"Novus Crédito";"Polo Crédito Corporativo Advisory";"0,650255740127844";FALSE;TRUE;TRUE;"Candidato versus posição atual";"Sem alerta"
"BNP Paribas Rubi";"Selection Light";"0,647735077765014";FALSE;FALSE;FALSE;"Entre candidatos";"Sem alerta"
"Compass Yield 30";"SulAmérica Crédito ESG";"0,647364668640010";FALSE;FALSE;FALSE;"Entre candidatos";"Sem alerta"
"Root Capital Crédito HG Plus";"Safra Grand Vitesse";"0,646850057536212";FALSE;FALSE;FALSE;"Entre candidatos";"Sem alerta"
"Daycoval Classic 30";"Polo Crédito Corporativo Advisory";"0,646184361542057";FALSE;TRUE;TRUE;"Candidato versus posição atual";"Sem alerta"
"Bocom BBM Corporate Credit II";"SPX Seahawk Advisory";"0,645999522420734";FALSE;TRUE;TRUE;"Candidato versus posição atual";"Sem alerta"
"JGP Crédito Advisory";"Novus Crédito";"0,644377725068831";TRUE;FALSE;TRUE;"Candidato versus posição atual";"Sem alerta"
"Daycoval Classic 30";"Selection Light";"0,644180606777304";FALSE;FALSE;FALSE;"Entre candidatos";"Sem alerta"
"Arx Vinson Advisory";"JGP Crédito Advisory";"0,643931328140625";TRUE;TRUE;TRUE;"Entre posições atuais";"Sem alerta"
"AZ Quest Altro Advisory";"Occam Crédito Corporativo 30";"0,643690785049799";TRUE;FALSE;TRUE;"Candidato versus posição atual";"Sem alerta"
"BNP Paribas Rubi";"SulAmérica Crédito ESG";"0,639461727924327";FALSE;FALSE;FALSE;"Entre candidatos";"Sem alerta"
"Sparta Max Advisory";"Vinland Crédito";"0,639370315810241";TRUE;FALSE;TRUE;"Candidato versus posição atual";"Sem alerta"
"JGP Corporate FEEDER II";"SulAmérica Crédito Ativo";"0,638824074229273";FALSE;FALSE;FALSE;"Entre candidatos";"Sem alerta"
"Bocom BBM Corporate Credit II";"JGP Corporate FEEDER II";"0,637005328733886";FALSE;FALSE;FALSE;"Entre candidatos";"Sem alerta"
"Safra Grand Vitesse";"Sparta Top";"0,636809963235573";FALSE;TRUE;TRUE;"Candidato versus posição atual";"Sem alerta"
"BNP Paribas Match Plus 30 Advisory";"Occam Crédito Corporativo 30";"0,634320348098505";FALSE;FALSE;FALSE;"Entre candidatos";"Sem alerta"
"Bocom BBM Corporate Credit II";"Porto Seguro Ipê";"0,632562231799066";FALSE;TRUE;TRUE;"Candidato versus posição atual";"Sem alerta"
"Bocom BBM Corporate Credit II";"Compass Yield 30";"0,631996471425861";FALSE;FALSE;FALSE;"Entre candidatos";"Sem alerta"
"Porto Seguro Ipê";"Sparta Max Advisory";"0,631191408131993";TRUE;TRUE;TRUE;"Entre posições atuais";"Sem alerta"
"JGP Crédito Advisory";"Polo Crédito Corporativo Advisory";"0,630988731903115";TRUE;TRUE;TRUE;"Entre posições atuais";"Sem alerta"
"Safra Grand Vitesse";"Vinland Crédito";"0,630905551374709";FALSE;FALSE;FALSE;"Entre candidatos";"Sem alerta"
"Novus Crédito";"Porto Seguro Ipê";"0,630898203861851";FALSE;TRUE;TRUE;"Candidato versus posição atual";"Sem alerta"
"Bocom BBM Corporate Credit II";"Root Capital Crédito HG Plus";"0,630680538203203";FALSE;FALSE;FALSE;"Entre candidatos";"Sem alerta"
"JGP Corporate FEEDER II";"Selection Light";"0,629151344732699";FALSE;FALSE;FALSE;"Entre candidatos";"Sem alerta"
"ARX Everest Advisory";"Arx Vinson Advisory";"0,628645543201006";TRUE;TRUE;TRUE;"Entre posições atuais";"Sem alerta"
"JGP Corporate FEEDER II";"Novus Crédito";"0,626042551708059";FALSE;FALSE;FALSE;"Entre candidatos";"Sem alerta"
"Porto Seguro Ipê";"Sparta Top";"0,624987363901978";TRUE;TRUE;TRUE;"Entre posições atuais";"Sem alerta"
"Porto Seguro Ipê";"Tivio Institucional 15";"0,624971895785978";TRUE;FALSE;TRUE;"Candidato versus posição atual";"Sem alerta"
"Arx Vinson Advisory";"Sparta Max Advisory";"0,624741999317387";TRUE;TRUE;TRUE;"Entre posições atuais";"Sem alerta"
"BTG Pactual Crédito Corporativo I";"Tivio Institucional 15";"0,622674695100631";FALSE;FALSE;FALSE;"Entre candidatos";"Sem alerta"
"BNP Paribas Match Plus 30 Advisory";"SulAmérica Crédito Ativo";"0,621449603538930";FALSE;FALSE;FALSE;"Entre candidatos";"Sem alerta"
"Bocom BBM Corporate Credit II";"Polo Crédito Corporativo Advisory";"0,621192427445737";FALSE;TRUE;TRUE;"Candidato versus posição atual";"Sem alerta"
"Compass Yield 30";"Selection Light";"0,618769448839223";FALSE;FALSE;FALSE;"Entre candidatos";"Sem alerta"
"AZ Quest Altro Advisory";"BTG Pactual Crédito Corporativo I";"0,616202098582342";TRUE;FALSE;TRUE;"Candidato versus posição atual";"Sem alerta"
"JGP Corporate FEEDER II";"Occam Crédito Corporativo 30";"0,615954550752355";FALSE;FALSE;FALSE;"Entre candidatos";"Sem alerta"
"ARX Everest Advisory";"Selection Light";"0,614666550636470";TRUE;FALSE;TRUE;"Candidato versus posição atual";"Sem alerta"
"BNP Paribas Rubi";"Novus Crédito";"0,613637051664562";FALSE;FALSE;FALSE;"Entre candidatos";"Sem alerta"
"Arx Vinson Advisory";"Occam Crédito Corporativo 30";"0,609077930223369";TRUE;FALSE;TRUE;"Candidato versus posição atual";"Sem alerta"
"BOCOM BBM Corporate Credit Plus MULT";"Sparta Top";"0,608423275086364";FALSE;TRUE;TRUE;"Candidato versus posição atual";"Sem alerta"
"AZ Quest Altro Advisory";"Polo Crédito Corporativo Advisory";"0,607035883797735";TRUE;TRUE;TRUE;"Entre posições atuais";"Sem alerta"
"BOCOM BBM Corporate Credit Plus MULT";"Sparta Max Advisory";"0,605584337634822";FALSE;TRUE;TRUE;"Candidato versus posição atual";"Sem alerta"
"SPX Seahawk Advisory";"Tivio Institucional 15";"0,603663673312238";TRUE;FALSE;TRUE;"Candidato versus posição atual";"Sem alerta"
"Safra Grand Vitesse";"SPX Seahawk Advisory";"0,602577026071559";FALSE;TRUE;TRUE;"Candidato versus posição atual";"Sem alerta"
"Arx Vinson Advisory";"SulAmérica Crédito Ativo";"0,602098547908545";TRUE;FALSE;TRUE;"Candidato versus posição atual";"Sem alerta"
"BNP Paribas Rubi";"BTG Pactual Crédito Corporativo I";"0,601706200031783";FALSE;FALSE;FALSE;"Entre candidatos";"Sem alerta"
"BNP Paribas Match Plus 30 Advisory";"Polo Crédito Corporativo Advisory";"0,600602400153293";FALSE;TRUE;TRUE;"Candidato versus posição atual";"Sem alerta"
"AZ Quest Altro Advisory";"Daycoval Classic 30";"0,599678527949038";TRUE;FALSE;TRUE;"Candidato versus posição atual";"Sem alerta"
"Arx Vinson Advisory";"AZ Quest Altro Advisory";"0,598369715349035";TRUE;TRUE;TRUE;"Entre posições atuais";"Sem alerta"
"BNP Paribas Rubi";"Daycoval Classic 30";"0,598043652259489";FALSE;FALSE;FALSE;"Entre candidatos";"Sem alerta"
"Compass Yield 30";"Root Capital Crédito HG Plus";"0,592378561403030";FALSE;FALSE;FALSE;"Entre candidatos";"Sem alerta"
"BNP Paribas Match Plus 30 Advisory";"Safra Grand Vitesse";"0,589291964093695";FALSE;FALSE;FALSE;"Entre candidatos";"Sem alerta"
"Tivio Institucional 15";"Vinland Crédito";"0,588957152828678";FALSE;FALSE;FALSE;"Entre candidatos";"Sem alerta"
"BNP Paribas Match Plus 30 Advisory";"SulAmérica Crédito ESG";"0,588362823599972";FALSE;FALSE;FALSE;"Entre candidatos";"Sem alerta"
"Compass Yield 30";"JGP Crédito Advisory";"0,586618746242882";FALSE;TRUE;TRUE;"Candidato versus posição atual";"Sem alerta"
"AZ Quest Altro Advisory";"Tivio Institucional 15";"0,585764498629662";TRUE;FALSE;TRUE;"Candidato versus posição atual";"Sem alerta"
"Safra Grand Vitesse";"Selection Light";"0,584630024060780";FALSE;FALSE;FALSE;"Entre candidatos";"Sem alerta"
"Porto Seguro Ipê";"Safra Grand Vitesse";"0,584155897890266";TRUE;FALSE;TRUE;"Candidato versus posição atual";"Sem alerta"
"Compass Yield 30";"Porto Seguro Ipê";"0,583732608348251";FALSE;TRUE;TRUE;"Candidato versus posição atual";"Sem alerta"
"Arx Vinson Advisory";"Bocom BBM Corporate Credit II";"0,582550351888151";TRUE;FALSE;TRUE;"Candidato versus posição atual";"Sem alerta"
"Novus Crédito";"Selection Light";"0,582105016904674";FALSE;FALSE;FALSE;"Entre candidatos";"Sem alerta"
"BNP Paribas Match Plus 30 Advisory";"Novus Crédito";"0,580862742604379";FALSE;FALSE;FALSE;"Entre candidatos";"Sem alerta"
"Compass Yield 30";"Polo Crédito Corporativo Advisory";"0,580665476111671";FALSE;TRUE;TRUE;"Candidato versus posição atual";"Sem alerta"
"Daycoval Classic 30";"JGP Corporate FEEDER II";"0,580155135698465";FALSE;FALSE;FALSE;"Entre candidatos";"Sem alerta"
"BOCOM BBM Corporate Credit Plus MULT";"SulAmérica Crédito ESG";"0,578017779943298";FALSE;FALSE;FALSE;"Entre candidatos";"Sem alerta"
"BNP Paribas Match Plus 30 Advisory";"Selection Light";"0,576965156197980";FALSE;FALSE;FALSE;"Entre candidatos";"Sem alerta"
"Selection Light";"Sparta Top";"0,576291859678185";FALSE;TRUE;TRUE;"Candidato versus posição atual";"Sem alerta"
"Polo Crédito Corporativo Advisory";"Sparta Top";"0,573007737781891";TRUE;TRUE;TRUE;"Entre posições atuais";"Sem alerta"
"BNP Paribas Rubi";"Porto Seguro Ipê";"0,572736265999241";FALSE;TRUE;TRUE;"Candidato versus posição atual";"Sem alerta"
"Arx Vinson Advisory";"Sparta Top";"0,571443390636103";TRUE;TRUE;TRUE;"Entre posições atuais";"Sem alerta"
"JGP Corporate FEEDER II";"Polo Crédito Corporativo Advisory";"0,571152015707994";FALSE;TRUE;TRUE;"Candidato versus posição atual";"Sem alerta"
"Arx Vinson Advisory";"BTG Pactual Crédito Corporativo I";"0,568915790708777";TRUE;FALSE;TRUE;"Candidato versus posição atual";"Sem alerta"
"Daycoval Classic 30";"JGP Crédito Advisory";"0,567882893853449";FALSE;TRUE;TRUE;"Candidato versus posição atual";"Sem alerta"
"BNP Paribas Rubi";"JGP Crédito Advisory";"0,565405101593755";FALSE;TRUE;TRUE;"Candidato versus posição atual";"Sem alerta"
"Arx Vinson Advisory";"Novus Crédito";"0,562570099707037";TRUE;FALSE;TRUE;"Candidato versus posição atual";"Sem alerta"
"JGP Crédito Advisory";"Tivio Institucional 15";"0,562015982390736";TRUE;FALSE;TRUE;"Candidato versus posição atual";"Sem alerta"
"JGP Corporate FEEDER II";"Root Capital Crédito HG Plus";"0,561344333514221";FALSE;FALSE;FALSE;"Entre candidatos";"Sem alerta"
"BOCOM BBM Corporate Credit Plus MULT";"Safra Grand Vitesse";"0,556729932348225";FALSE;FALSE;FALSE;"Entre candidatos";"Sem alerta"
"Polo Crédito Corporativo Advisory";"Sparta Max Advisory";"0,555005904262656";TRUE;TRUE;TRUE;"Entre posições atuais";"Sem alerta"
"Selection Light";"Sparta Max Advisory";"0,554519725974192";FALSE;TRUE;TRUE;"Candidato versus posição atual";"Sem alerta"
"BNP Paribas Rubi";"SPX Seahawk Advisory";"0,552963906571895";FALSE;TRUE;TRUE;"Candidato versus posição atual";"Sem alerta"
"BNP Paribas Match Plus 30 Advisory";"JGP Crédito Advisory";"0,550139970916533";FALSE;TRUE;TRUE;"Candidato versus posição atual";"Sem alerta"
"Root Capital Crédito HG Plus";"Sparta Top";"0,549088490680997";FALSE;TRUE;TRUE;"Candidato versus posição atual";"Sem alerta"
"SulAmérica Crédito Ativo";"Tivio Institucional 15";"0,545763924175306";FALSE;FALSE;FALSE;"Entre candidatos";"Sem alerta"
"BNP Paribas Match Plus 30 Advisory";"BTG Pactual Crédito Corporativo I";"0,541764729460074";FALSE;FALSE;FALSE;"Entre candidatos";"Sem alerta"
"AZ Quest Altro Advisory";"BNP Paribas Rubi";"0,541733297904783";TRUE;FALSE;TRUE;"Candidato versus posição atual";"Sem alerta"
"BNP Paribas Match Plus 30 Advisory";"Daycoval Classic 30";"0,540655406745023";FALSE;FALSE;FALSE;"Entre candidatos";"Sem alerta"
"BNP Paribas Rubi";"Bocom BBM Corporate Credit II";"0,535347801222019";FALSE;FALSE;FALSE;"Entre candidatos";"Sem alerta"
"Safra Grand Vitesse";"Sparta Max Advisory";"0,529905483077351";FALSE;TRUE;TRUE;"Candidato versus posição atual";"Sem alerta"
"AZ Quest Altro Advisory";"Bocom BBM Corporate Credit II";"0,528314507945154";TRUE;FALSE;TRUE;"Candidato versus posição atual";"Sem alerta"
"Root Capital Crédito HG Plus";"Sparta Max Advisory";"0,528149979949024";FALSE;TRUE;TRUE;"Candidato versus posição atual";"Sem alerta"
"BOCOM BBM Corporate Credit Plus MULT";"Occam Crédito Corporativo 30";"0,527068755395439";FALSE;FALSE;FALSE;"Entre candidatos";"Sem alerta"
"Bocom BBM Corporate Credit II";"Selection Light";"0,526663737555801";FALSE;FALSE;FALSE;"Entre candidatos";"Sem alerta"
"AZ Quest Altro Advisory";"Safra Grand Vitesse";"0,524538117130431";TRUE;FALSE;TRUE;"Candidato versus posição atual";"Sem alerta"
"JGP Corporate FEEDER II";"Tivio Institucional 15";"0,521172474921301";FALSE;FALSE;FALSE;"Entre candidatos";"Sem alerta"
"Root Capital Crédito HG Plus";"Tivio Institucional 15";"0,510085775638004";FALSE;FALSE;FALSE;"Entre candidatos";"Sem alerta"
"Novus Crédito";"Tivio Institucional 15";"0,505230953836601";FALSE;FALSE;FALSE;"Entre candidatos";"Sem alerta"
"AZ Quest Altro Advisory";"Novus Crédito";"0,500792558389404";TRUE;FALSE;TRUE;"Candidato versus posição atual";"Sem alerta"
"AZ Quest Altro Advisory";"JGP Corporate FEEDER II";"0,500459473303842";TRUE;FALSE;TRUE;"Candidato versus posição atual";"Sem alerta"
"Arx Vinson Advisory";"Daycoval Classic 30";"0,499752246752578";TRUE;FALSE;TRUE;"Candidato versus posição atual";"Sem alerta"
"AZ Quest Altro Advisory";"BNP Paribas Match Plus 30 Advisory";"0,495804453407144";TRUE;FALSE;TRUE;"Candidato versus posição atual";"Sem alerta"
"AZ Quest Altro Advisory";"Sparta Top";"0,494278660523249";TRUE;TRUE;TRUE;"Entre posições atuais";"Sem alerta"
"BNP Paribas Match Plus 30 Advisory";"Porto Seguro Ipê";"0,494256432353737";FALSE;TRUE;TRUE;"Candidato versus posição atual";"Sem alerta"
"BNP Paribas Match Plus 30 Advisory";"Bocom BBM Corporate Credit II";"0,492383009778564";FALSE;FALSE;FALSE;"Entre candidatos";"Sem alerta"
"BOCOM BBM Corporate Credit Plus MULT";"JGP Crédito Advisory";"0,490081461898209";FALSE;TRUE;TRUE;"Candidato versus posição atual";"Sem alerta"
"Selection Light";"Tivio Institucional 15";"0,489632448978686";FALSE;FALSE;FALSE;"Entre candidatos";"Sem alerta"
"BNP Paribas Rubi";"JGP Corporate FEEDER II";"0,487439450301025";FALSE;FALSE;FALSE;"Entre candidatos";"Sem alerta"
"BOCOM BBM Corporate Credit Plus MULT";"JGP Corporate FEEDER II";"0,484937187792488";FALSE;FALSE;FALSE;"Entre candidatos";"Sem alerta"
"BNP Paribas Match Plus 30 Advisory";"SPX Seahawk Advisory";"0,483875435914059";FALSE;TRUE;TRUE;"Candidato versus posição atual";"Sem alerta"
"BOCOM BBM Corporate Credit Plus MULT";"BTG Pactual Crédito Corporativo I";"0,478200929027516";FALSE;FALSE;FALSE;"Entre candidatos";"Sem alerta"
"BOCOM BBM Corporate Credit Plus MULT";"Vinland Crédito";"0,473782677064546";FALSE;FALSE;FALSE;"Entre candidatos";"Sem alerta"
"Occam Crédito Corporativo 30";"Tivio Institucional 15";"0,471251609674865";FALSE;FALSE;FALSE;"Entre candidatos";"Sem alerta"
"BNP Paribas Rubi";"Sparta Top";"0,469384356688047";FALSE;TRUE;TRUE;"Candidato versus posição atual";"Sem alerta"
"Arx Vinson Advisory";"Tivio Institucional 15";"0,469336977277566";TRUE;FALSE;TRUE;"Candidato versus posição atual";"Sem alerta"
"JGP Crédito Advisory";"Safra Grand Vitesse";"0,468184430314033";TRUE;FALSE;TRUE;"Candidato versus posição atual";"Sem alerta"
"Compass Yield 30";"Tivio Institucional 15";"0,467152220501183";FALSE;FALSE;FALSE;"Entre candidatos";"Sem alerta"
"BOCOM BBM Corporate Credit Plus MULT";"Daycoval Classic 30";"0,465833898412411";FALSE;FALSE;FALSE;"Entre candidatos";"Sem alerta"
"BNP Paribas Match Plus 30 Advisory";"JGP Corporate FEEDER II";"0,464699552500197";FALSE;FALSE;FALSE;"Entre candidatos";"Sem alerta"
"AZ Quest Altro Advisory";"Sparta Max Advisory";"0,464658987855565";TRUE;TRUE;TRUE;"Entre posições atuais";"Sem alerta"
"ARX Everest Advisory";"Root Capital Crédito HG Plus";"0,462389550654711";TRUE;FALSE;TRUE;"Candidato versus posição atual";"Sem alerta"
"JGP Corporate FEEDER II";"Safra Grand Vitesse";"0,461487533255677";FALSE;FALSE;FALSE;"Entre candidatos";"Sem alerta"
"Arx Vinson Advisory";"Compass Yield 30";"0,457628669554243";TRUE;FALSE;TRUE;"Candidato versus posição atual";"Sem alerta"
"Sparta Max Advisory";"Tivio Institucional 15";"0,457234997976248";TRUE;FALSE;TRUE;"Candidato versus posição atual";"Sem alerta"
"Sparta Top";"Tivio Institucional 15";"0,446685139032704";TRUE;FALSE;TRUE;"Candidato versus posição atual";"Sem alerta"
"Arx Vinson Advisory";"BNP Paribas Rubi";"0,443963643305688";TRUE;FALSE;TRUE;"Candidato versus posição atual";"Sem alerta"
"AZ Quest Altro Advisory";"Compass Yield 30";"0,438908526916278";TRUE;FALSE;TRUE;"Candidato versus posição atual";"Sem alerta"
"ARX Everest Advisory";"Porto Seguro Ipê";"0,430328626278448";TRUE;TRUE;TRUE;"Entre posições atuais";"Sem alerta"
"BNP Paribas Match Plus 30 Advisory";"Sparta Top";"0,420655270333184";FALSE;TRUE;TRUE;"Candidato versus posição atual";"Sem alerta"
"BOCOM BBM Corporate Credit Plus MULT";"Porto Seguro Ipê";"0,416150024295354";FALSE;TRUE;TRUE;"Candidato versus posição atual";"Sem alerta"
"BOCOM BBM Corporate Credit Plus MULT";"Polo Crédito Corporativo Advisory";"0,410331923886122";FALSE;TRUE;TRUE;"Candidato versus posição atual";"Sem alerta"
"Arx Vinson Advisory";"BOCOM BBM Corporate Credit Plus MULT";"0,409843044420890";TRUE;FALSE;TRUE;"Candidato versus posição atual";"Sem alerta"
"BNP Paribas Rubi";"Tivio Institucional 15";"0,408953568988757";FALSE;FALSE;FALSE;"Entre candidatos";"Sem alerta"
"BOCOM BBM Corporate Credit Plus MULT";"SPX Seahawk Advisory";"0,403075882163980";FALSE;TRUE;TRUE;"Candidato versus posição atual";"Sem alerta"
"Arx Vinson Advisory";"BNP Paribas Match Plus 30 Advisory";"0,400790418219273";TRUE;FALSE;TRUE;"Candidato versus posição atual";"Sem alerta"
"BNP Paribas Match Plus 30 Advisory";"Tivio Institucional 15";"0,397304027070876";FALSE;FALSE;FALSE;"Entre candidatos";"Sem alerta"
"BOCOM BBM Corporate Credit Plus MULT";"Root Capital Crédito HG Plus";"0,395390200803590";FALSE;FALSE;FALSE;"Entre candidatos";"Sem alerta"
"BNP Paribas Rubi";"Sparta Max Advisory";"0,395207311653738";FALSE;TRUE;TRUE;"Candidato versus posição atual";"Sem alerta"
"ARX Everest Advisory";"SulAmérica Crédito ESG";"0,385447756306026";TRUE;FALSE;TRUE;"Candidato versus posição atual";"Sem alerta"
"BOCOM BBM Corporate Credit Plus MULT";"Compass Yield 30";"0,382948997035428";FALSE;FALSE;FALSE;"Entre candidatos";"Sem alerta"
"ARX Everest Advisory";"JGP Crédito Advisory";"0,377209420287776";TRUE;TRUE;TRUE;"Entre posições atuais";"Sem alerta"
"Bocom BBM Corporate Credit II";"Tivio Institucional 15";"0,377180828900184";FALSE;FALSE;FALSE;"Entre candidatos";"Sem alerta"
"Arx Vinson Advisory";"Safra Grand Vitesse";"0,376849569908662";TRUE;FALSE;TRUE;"Candidato versus posição atual";"Sem alerta"
"Polo Crédito Corporativo Advisory";"Tivio Institucional 15";"0,364943242037399";TRUE;FALSE;TRUE;"Candidato versus posição atual";"Sem alerta"
"ARX Everest Advisory";"Vinland Crédito";"0,351270452507928";TRUE;FALSE;TRUE;"Candidato versus posição atual";"Sem alerta"
"BNP Paribas Match Plus 30 Advisory";"Sparta Max Advisory";"0,347231651580965";FALSE;TRUE;TRUE;"Candidato versus posição atual";"Sem alerta"
"BNP Paribas Rubi";"BOCOM BBM Corporate Credit Plus MULT";"0,340814909214041";FALSE;FALSE;FALSE;"Entre candidatos";"Sem alerta"
"AZ Quest Altro Advisory";"BOCOM BBM Corporate Credit Plus MULT";"0,337256060584911";TRUE;FALSE;TRUE;"Candidato versus posição atual";"Sem alerta"
"ARX Everest Advisory";"SPX Seahawk Advisory";"0,325326334400129";TRUE;TRUE;TRUE;"Entre posições atuais";"Sem alerta"
"BNP Paribas Match Plus 30 Advisory";"BOCOM BBM Corporate Credit Plus MULT";"0,316016681136617";FALSE;FALSE;FALSE;"Entre candidatos";"Sem alerta"
"ARX Everest Advisory";"JGP Corporate FEEDER II";"0,312447412817813";TRUE;FALSE;TRUE;"Candidato versus posição atual";"Sem alerta"
"ARX Everest Advisory";"Sparta Max Advisory";"0,310965416446206";TRUE;TRUE;TRUE;"Entre posições atuais";"Sem alerta"
"ARX Everest Advisory";"SulAmérica Crédito Ativo";"0,297267354842328";TRUE;FALSE;TRUE;"Candidato versus posição atual";"Sem alerta"
"ARX Everest Advisory";"AZ Quest Altro Advisory";"0,291654745996865";TRUE;TRUE;TRUE;"Entre posições atuais";"Sem alerta"
"BOCOM BBM Corporate Credit Plus MULT";"Selection Light";"0,273677213494826";FALSE;FALSE;FALSE;"Entre candidatos";"Sem alerta"
"ARX Everest Advisory";"Occam Crédito Corporativo 30";"0,266866071696137";TRUE;FALSE;TRUE;"Candidato versus posição atual";"Sem alerta"
"ARX Everest Advisory";"Bocom BBM Corporate Credit II";"0,266361563355954";TRUE;FALSE;TRUE;"Candidato versus posição atual";"Sem alerta"
"ARX Everest Advisory";"Sparta Top";"0,256039316360268";TRUE;TRUE;TRUE;"Entre posições atuais";"Sem alerta"
"ARX Everest Advisory";"Novus Crédito";"0,251806273864554";TRUE;FALSE;TRUE;"Candidato versus posição atual";"Sem alerta"
"Safra Grand Vitesse";"Tivio Institucional 15";"0,241195310936469";FALSE;FALSE;FALSE;"Entre candidatos";"Sem alerta"
"ARX Everest Advisory";"BTG Pactual Crédito Corporativo I";"0,238238005231617";TRUE;FALSE;TRUE;"Candidato versus posição atual";"Sem alerta"
"ARX Everest Advisory";"BNP Paribas Rubi";"0,229566912706558";TRUE;FALSE;TRUE;"Candidato versus posição atual";"Sem alerta"
"BOCOM BBM Corporate Credit Plus MULT";"Tivio Institucional 15";"0,195140248410889";FALSE;FALSE;FALSE;"Entre candidatos";"Sem alerta"
"ARX Everest Advisory";"BNP Paribas Match Plus 30 Advisory";"0,189345994899595";TRUE;FALSE;TRUE;"Candidato versus posição atual";"Sem alerta"
"ARX Everest Advisory";"Compass Yield 30";"0,177520310307044";TRUE;FALSE;TRUE;"Candidato versus posição atual";"Sem alerta"
"ARX Everest Advisory";"Daycoval Classic 30";"0,164699112296151";TRUE;FALSE;TRUE;"Candidato versus posição atual";"Sem alerta"
"ARX Everest Advisory";"BOCOM BBM Corporate Credit Plus MULT";"0,164293759380330";TRUE;FALSE;TRUE;"Candidato versus posição atual";"Sem alerta"
"ARX Everest Advisory";"Safra Grand Vitesse";"0,143483286036987";TRUE;FALSE;TRUE;"Candidato versus posição atual";"Sem alerta"
"ARX Everest Advisory";"Tivio Institucional 15";"0,104714260402801";TRUE;FALSE;TRUE;"Candidato versus posição atual";"Sem alerta"
