"nome_xlsx";"nome_curto";"nome_plot";"nome_quantum";"taxa_adm_aa";"excesso_cdi_aa";"hit_rate_mensal";"hit_rate_6m";"hit_rate_12m";"volatilidade_excesso_aa";"max_drawdown_excesso";"media_tres_piores_meses";"pior_mes";"autocorrelacao_lag1";"meses_para_recuperar";"inicio_serie_mensal_score";"fim_serie_mensal_score";"n_meses_score";"hit_rate_36m_historico";"n_janelas_36m_historico";"benchmark_menor_tracking_error";"menor_tracking_error_aa";"nota_retorno";"nota_hit_mensal";"nota_hit_6m";"nota_hit_12m";"nota_consistencia";"nota_drawdown";"nota_cauda";"nota_volatilidade";"nota_risco";"razao_excesso_taxa";"nota_taxa";"nota_razao_excesso_taxa";"nota_custo";"nota_final";"red_flags_absolutos";"alertas_relativos";"ranking_geral";"quartil_score";"classificacao_descritiva";"nota_minima_pilar";"pilar_abaixo_minimo";"zona_fronteira";"aprovado_quantitativo";"status_quantitativo";"quartil_retorno";"quartil_consistencia";"quartil_risco";"quartil_custo"
"Tivio Institucional 15";"Tivio Institucional 15";"Tivio Institucional 15";"TIVIO INSTITUCIONAL 15 RESP LIMITADA FIF RENDA FIXA CRÉDITO PRIVADO LP";"0,0050";"0,01602629309053061";"0,805555555555556";"0,870967741935484";"1,00";"0,00695546696784096";"-0,00366154298232291";"-0,00249191024292176";"-0,00366154298232291";"0,4388941151501508";"2";"2023-09-01";"2026-08-01";"36";"0,882352941176471";"187";"IRF-M 1";"0,00813812406297803";"91,66999828097130";"66,25079849177419";"71,08099505299386";"73,33597769949233";"70,05090948710539";"69,41947175915766";"59,56904225061881";"44,05662210064129";"58,85548800904110";"3,2052586181061216";"66,25079849177419";"93,12864679927404";"77,0019378147741";"76,0353089115695";NA;NA;"1";"1";"Q1";"58,85548800904110";FALSE;FALSE;TRUE;"Aprovado quantitativo com margem";"1";"1";"2";"1"
"Daycoval Classic 30 FIRF CP";"Daycoval Classic 30";"Daycoval Classic 30";"DAYCOVAL CLASSIC 30 FIF";"0,0040";"0,01022375935303432";"0,916666666666667";"0,870967741935484";"1,00";"0,00445705429345142";"-0,00427544754240039";"-0,00207572569700543";"-0,00427544754240028";"0,3355027219908099";"5";"2023-09-01";"2026-08-01";"36";"1,000000000000000";"63";"IRF-M 1";"0,00523540692133738";"67,44565745137218";"88,32395730596518";"71,08099505299386";"73,33597769949233";"78,88017301278178";"65,88825518186742";"66,04333957003637";"67,21815908436194";"66,33375166906646";"2,5559398382585807";"79,39630691313135";"84,10146309958580";"81,2783693877131";"73,5400831693487";NA;NA;"2";"1";"Q1";"66,33375166906646";FALSE;FALSE;TRUE;"Aprovado quantitativo com margem";"1";"1";"1";"1"
"BNP Paribas Rubi FIF RF CP RL";"BNP Paribas Rubi";"BNP Paribas Rubi";"BNP PARIBAS RUBI RESP LIMITADA FIF CIC RENDA FIXA CRÉDITO PRIVADO";"0,0040";"0,00740192042209542";"0,861111111111111";"0,967741935483871";"1,00";"0,00317416064881723";"-0,00363111127131210";"-0,00151709963645941";"-0,00311582402808153";"-0,0467379666903092";"2";"2023-09-01";"2026-08-01";"36";"0,746835443037975";"79";"IRF-M 1";"0,00418117510530297";"47,90897241093207";"79,39630691313135";"82,83263277665128";"73,33597769949233";"77,65944040037974";"69,58914304149798";"73,84545869768645";"77,01995028591887";"73,09527991168079";"1,8504801055238551";"79,39630691313135";"65,55731389610239";"73,8607097063198";"66,8717852322906";NA;NA;"3";"1";"Q1";"47,90897241093207";FALSE;FALSE;TRUE;"Aprovado quantitativo com margem";"3";"1";"1";"1"
"SulAmérica Crédito ESG FIRF CP LP IS";"SulAmérica Crédito ESG";"SulAmérica Crédito ESG";"SULAMÉRICA CRÉDITO ESG INVEST SUSTENTÁVEL RESP LIMITADA FIF RENDA FIXA CRÉDITO PRIVADO LP";"0,0060";"0,01124162109053084";"0,805555555555556";"0,838709677419355";"0,96";"0,00487827929649941";"-0,00425308092095600";"-0,00190709198124417";"-0,00258508973869698";"0,3938323627678816";NA;"2023-09-01";"2026-08-01";"36";"1,000000000000000";"33";"IRF-M 1";"0,00581248101691310";"73,52341976879337";"66,25079849177419";"66,25079849177419";"69,91205389592237";"67,71530065343347";"66,02036585068258";"68,51931864614721";"63,56961921364530";"66,03482769821079";"1,8736035150884733";"50,00000000000000";"66,30984103580400";"56,5239364143216";"66,3238007372189";NA;NA;"4";"1";"Q1";"56,52393641432160";FALSE;FALSE;TRUE;"Aprovado quantitativo com margem";"1";"1";"1";"2"
"Compass Yield 30 FIF RF CP LP RL";"Compass Yield 30";"Compass Yield 30";"COMPASS YIELD 30 FIF RENDA FIXA";"0,0060";"0,01468280270255140";"0,833333333333333";"0,806451612903226";"0,80";"0,00801043840252585";"-0,00708576930528959";"-0,00434661924443021";"-0,00522398276774716";"0,2457270540561296";"7";"2023-09-01";"2026-08-01";"36";"1,000000000000000";"40";"IDA-DI";"0,00724773810070217";"88,20186184025403";"73,33597769949235";"61,05585132532283";"54,20560691646081";"63,22780411144583";"47,97792942671181";"29,94421999019114";"34,45832019444616";"38,51193382607592";"2,4471337837585669";"50,00000000000000";"81,87859020859379";"62,7514360834375";"65,6577553660122";NA;NA;"5";"1";"Q1";"38,51193382607592";FALSE;FALSE;TRUE;"Aprovado quantitativo com margem";"1";"2";"3";"2"
"SulAmérica Crédito Ativo FIRF CP LP";"SulAmérica Crédito Ativo";"SulAmérica Crédito Ativo";"SULAMÉRICA CRÉDITO ATIVO RESP LIMITADA FIF RENDA FIXA CRÉDITO PRIVADO LP";"0,0060";"0,01078449087593936";"0,805555555555556";"0,838709677419355";"0,96";"0,00487763261731642";"-0,00403195251357757";"-0,00221988236102699";"-0,00330146383724783";"0,2602193109631302";NA;"2023-09-01";"2026-08-01";"36";"0,813725490196078";"102";"IRF-M 1";"0,00545775826776349";"70,88458455533734";"66,25079849177419";"66,25079849177419";"69,91205389592237";"67,71530065343347";"67,31284693510575";"63,85421408352683";"63,57535515901284";"65,15400954680420";"1,7974151459898926";"50,00000000000000";"63,80106473534453";"55,5204258941378";"65,1051089128549";NA;NA;"6";"1";"Q1";"55,52042589413782";FALSE;FALSE;TRUE;"Aprovado quantitativo com margem";"1";"1";"1";"2"
"BTG Pactual Crédito Corporativo I FIF em Cotas de FIRF";"BTG Pactual Crédito Corporativo I";"BTG Pactual Crédito Corporativo I";"BTG PACTUAL CRÉDITO CORPORATIVO I FIF CIC RENDA FIXA";"0,0050";"0,01100972054898586";"0,750000000000000";"0,774193548387097";"0,76";"0,00560374475066518";"-0,00525983078093961";"-0,00233749464748445";"-0,00326364852788408";"0,4729309154016310";NA;"2023-09-01";"2026-08-01";"36";"0,819047619047619";"105";"IRF-M 1";"0,00606729410713083";"72,20402171792959";"50,00000000000000";"55,59719860262097";"50,00000000000000";"51,11943972052420";"59,85386534623016";"62,02404993556851";"56,92685348871786";"59,62681716577798";"2,2019441097971715";"66,25079849177419";"76,00362640615569";"70,1519296575268";"63,9044122930472";NA;NA;"7";"1";"Q1";"51,11943972052420";FALSE;FALSE;TRUE;"Aprovado quantitativo com margem";"1";"2";"2";"1"
"Bocom BBM Corporate Credit II FIF RF CP RL";"Bocom BBM Corporate Credit II";"Bocom BBM Corporate Credit II";"BOCOM BBM CORPORATE CREDIT II RESP LIMITADA FIF CIC RENDA FIXA CRÉDITO PRIVADO";"0,0060";"0,00843764336493869";"0,750000000000000";"0,870967741935484";"1,00";"0,00410482461133599";"-0,00320344262184469";"-0,00174917461564080";"-0,00320344262184469";"0,0244852750674514";"5";"2023-09-01";"2026-08-01";"36";"1,000000000000000";"5";"IRF-M 1";"0,00517808570707092";"55,33912623498449";"50,00000000000000";"71,08099505299386";"73,33597769949233";"63,55059009039570";"71,91613914633444";"70,74656562296420";"70,11915687851341";"71,02617240897706";"1,4062738941564474";"50,00000000000000";"50,00000000000000";"50,0000000000000";"59,1946198748897";NA;NA;"8";"1";"Q1";"50,00000000000000";FALSE;FALSE;TRUE;"Aprovado quantitativo com margem";"2";"1";"1";"3"
"Porto Seguro Ipê RF FIC FI CP LP";"Porto Seguro Ipê";"Porto Seguro Ipê";"PORTO SEGURO IPÊ RESP LIMITADA FIF CIC RENDA FIXA CRÉDITO PRIVADO LP";"0,0050";"0,00840893154061040";"0,750000000000000";"0,806451612903226";"0,88";"0,00464028128296038";"-0,00608283858675052";"-0,00243153393517104";"-0,00385036047333975";"0,3673228971728925";NA;"2023-09-01";"2026-08-01";"36";"1,000000000000000";"46";"IRF-M 1";"0,00553304393588836";"55,13481724405858";"50,00000000000000";"61,05585132532283";"62,38373551409600";"57,16466447070297";"54,55956007801495";"60,53540396080351";"65,65347667415098";"59,68048822169233";"1,6817863081220796";"66,25079849177419";"59,84956608538680";"63,6903055292192";"58,6902853175366";NA;NA;"9";"1";"Q1";"55,13481724405858";FALSE;FALSE;TRUE;"Aprovado quantitativo com margem";"2";"2";"2";"1"
"JGP Corporate FIC de FIF RF CP LP FEEDER II RL";"JGP Corporate FEEDER II";"JGP Corporate FEEDER II";"JGP CORPORATE FEEDER III RESP LIMITADA FIF CIC RENDA FIXA CRÉDITO PRIVADO LP";"0,0060";"0,01142716797507881";"0,750000000000000";"0,709677419354839";"0,64";"0,00697266620604440";"-0,00785036258795957";"-0,00233550353429779";"-0,00320951443849671";"0,3197694264734379";"5";"2023-09-01";"2026-08-01";"36";"0,898734177215190";"79";"IRF-M 1";"0,00781131788727073";"74,54977114735907";"50,00000000000000";"44,40280139737902";"37,61626448590400";"43,92706607383741";"42,99511211881178";"62,05533688390963";"43,89432344498722";"48,98294294619377";"1,9045279958464685";"50,00000000000000";"67,30341316745645";"56,9213652669826";"57,3736277686515";NA;NA;"10";"1";"Q1";"43,92706607383741";FALSE;TRUE;NA;"Zona cinzenta: nota próxima ao corte";"1";"3";"2";"2"
"Sparta Max Advisory FIC de FIF RF CP LP RL";"Sparta Max Advisory";"Sparta Max Advisory";"SPARTA MAX ADVISORY RESP LIMITADA FIF CIC RENDA FIXA CRÉDITO PRIVADO LP";"0,0035";"0,00889691201311926";"0,666666666666667";"0,709677419354839";"0,60";"0,00683862392769827";"-0,00633274814820972";"-0,00293815182258472";"-0,00395623014356028";"0,3365258549186759";NA;"2023-09-01";"2026-08-01";"36";"1,000000000000000";"53";"IDA-DI";"0,00756611268038724";"58,57821697894831";"26,66402230050766";"44,40280139737902";"33,74920150822582";"33,04584980296920";"52,92547104820869";"52,24348539870817";"45,16239044315771";"50,39195117184325";"2,5419748608912176";"84,37273156421752";"83,82904025567912";"84,1552550408022";"56,9521315389960";NA;NA;"11";"1";"Q1";"33,04584980296920";FALSE;TRUE;NA;"Zona cinzenta: nota próxima ao corte";"2";"4";"2";"1"
"Polo Crédito Corporativo Advisory FIC FIF RF CP LP RL";"Polo Crédito Corporativo Advisory";"Polo Crédito Corporativo Advisory";"POLO CRÉDITO CORPORATIVO ADVISORY RESP LIMITADA FIF CIC RENDA FIXA CRÉDITO PRIVADO LP";"0,0050";"0,01088072174418864";"0,777777777777778";"0,806451612903226";"0,80";"0,00979192279186583";"-0,01192150922435131";"-0,00583089963207909";"-0,00629194629741170";"0,0877863016164779";NA;"2023-09-01";"2026-08-01";"36";"1,000000000000000";"59";"IDA-DI";"0,00774588292193436";"71,45282866202382";"58,35212379473904";"61,05585132532283";"54,20560691646081";"57,23426254954451";"20,53882374703614";"13,70164737605174";"20,99422452689343";"18,62429106969801";"2,1761443488377274";"66,25079849177419";"75,31523214012505";"69,8765719511145";"56,9384154377115";NA;NA;"12";"1";"Q1";"18,62429106969801";TRUE;TRUE;NA;"Zona cinzenta: nota próxima ao corte e pilar abaixo do mínimo";"1";"2";"4";"1"
"Occam Crédito Corporativo 30 FIC FIF RF CP LP RL";"Occam Crédito Corporativo 30";"Occam Crédito Corporativo 30";"OCCAM CRÉDITO CORPORATIVO 30 RESP LIMITADA FIF CIC RENDA FIXA";"0,0060";"0,00904524514071370";"0,805555555555556";"0,741935483870968";"0,96";"0,00582423209913931";"-0,00677811667102635";"-0,00343120977643777";"-0,00604507609946137";"0,2277706285644504";"6";"2023-09-01";"2026-08-01";"36";"1,000000000000000";"9";"IRF-M 1";"0,00550445382294512";"59,61009397747827";"66,25079849177419";"50,00000000000000";"69,91205389592237";"64,46514095507862";"50,00000000000000";"44,04890391657005";"54,84517665922667";"49,66822417273902";"1,5075408567856163";"50,00000000000000";"53,66167642602049";"51,4646705704082";"56,7991259091630";NA;NA;"13";"2";"Q2";"49,66822417273902";FALSE;TRUE;NA;"Zona cinzenta: nota próxima ao corte";"2";"1";"2";"2"
"Sparta Top FIC FIF RF CP LP - Resp Limitada";"Sparta Top";"Sparta Top";"SPARTA TOP RESP LIMITADA FIF CIC RENDA FIXA CRÉDITO PRIVADO LP";"0,0030";"0,00735356051669189";"0,694444444444444";"0,677419354838710";"0,56";"0,00550663856826191";"-0,00532925724050948";"-0,00269843170355573";"-0,00380416764572944";"0,3070752048694757";NA;"2023-09-01";"2026-08-01";"36";"0,893203883495146";"103";"IRF-M 1";"0,00610024978384322";"47,56174831689172";"33,74920150822582";"38,94414867467715";"30,08794610407763";"33,32368877985681";"59,41425925675063";"56,21138224603367";"57,83639114911107";"57,98003572124368";"2,4511868388972977";"88,32395730596519";"81,96556265633207";"85,7805994461119";"55,6406036958084";NA;NA;"14";"2";"Q2";"33,32368877985681";FALSE;TRUE;NA;"Zona cinzenta: nota próxima ao corte";"3";"4";"2";"1"
"JGP Crédito Advisory FIF Multimercado CP RL";"JGP Crédito Advisory";"JGP Crédito Advisory";"JGP CRÉDITO ADVISORY RESP LIMITADA FIF MULTIMERCADO CRÉDITO PRIVADO";"0,0110";"0,01393321543826054";"0,750000000000000";"0,870967741935484";"1,00";"0,00743366254990101";"-0,00752793649720429";"-0,00307274003534426";"-0,00498661234092634";"0,2586638009076830";"3";"2023-09-01";"2026-08-01";"36";"0,927536231884058";"69";"IDA-DI";"0,00813390166539149";"85,76566161305081";"50,00000000000000";"71,08099505299386";"73,33597769949233";"63,55059009039570";"45,08498581605146";"50,00000000000000";"39,60332050863987";"44,91499047901254";"1,2666559489327762";"3,31675316225079";"44,95972715222021";"19,9739427582386";"55,5938297918763";NA;NA;"15";"2";"Q2";"19,97394275823856";TRUE;TRUE;NA;"Zona cinzenta: nota próxima ao corte e pilar abaixo do mínimo";"1";"1";"3";"4"
"Root Capital Crédito HG Plus FIC de FIF Multimercado CP RL";"Root Capital Crédito HG Plus";"Root Capital Crédito HG Plus";"ROOT CAPITAL CRÉDITO HG PLUS RESP LIMITADA FIF CIC MULTIMERCADO CRÉDITO PRIVADO";"0,0104";"0,01045075429056919";"0,805555555555556";"0,870967741935484";"1,00";"0,00431000209142840";"-0,00524310868892264";"-0,00186709629809882";"-0,00325902193672267";"0,2773064585198841";"3";"2023-09-01";"2026-08-01";"36";"1,000000000000000";"21";"IRF-M 1";"0,00506924008715877";"68,86335265119041";"66,25079849177419";"71,08099505299386";"73,33597769949233";"70,05090948710539";"59,95951552645871";"69,09207714282067";"68,44702293308934";"65,24553623335649";"1,0048802202470373";"4,89038357835606";"35,85655940005181";"17,2768539070344";"55,5400538905634";NA;NA;"16";"2";"Q2";"17,27685390703436";TRUE;TRUE;NA;"Zona cinzenta: nota próxima ao corte e pilar abaixo do mínimo";"1";"1";"1";"4"
"Novus Crédito FIM CP LP";"Novus Crédito";"Novus Crédito";"NOVUS CRÉDITO HIGH GRADE FI MULTIMERCADO LP";"0,0070";"0,01215970651926934";"0,722222222222222";"0,709677419354839";"0,76";"0,00809282382323827";"-0,00819645202499553";"-0,00389525425551858";"-0,00772866221770663";"0,3111984243053684";NA;"2023-09-01";"2026-08-01";"36";"1,000000000000000";"12";"IDA-DI";"0,00678570426920103";"78,33948310449466";"41,64787620526096";"44,40280139737902";"50,00000000000000";"45,53971076158019";"40,77950129482692";"36,61436743487689";"33,74920150822582";"37,42087120086158";"1,7371009313241916";"33,74920150822582";"61,75940206943344";"44,9532817327089";"53,6092672950930";NA;NA;"17";"2";"Q2";"37,42087120086158";FALSE;TRUE;NA;"Zona cinzenta: nota próxima ao corte";"1";"3";"3";"3"
"Selection RF Light FIC FIRF CP LP";"Selection Light";"Selection Light";"SELECTION RF LIGHT FIC RENDA FIXA CRÉDITO PRIVADO LP";"0,0031";"0,00603253954948868";"0,750000000000000";"0,774193548387097";"0,72";"0,00570640661332153";"-0,00801614387425142";"-0,00317608629394635";"-0,00520304310018771";"0,2791553658788133";NA;"2023-09-01";"2026-08-01";"36";"0,797468354430380";"79";"IRF-M 1";"0,00603287178954949";"38,27750337512974";"50,00000000000000";"55,59719860262097";"45,79439308353918";"49,43719695393987";"41,92972840210860";"48,27681995475711";"55,96018240685509";"48,04299206932710";"1,9459804998350583";"87,61019268850005";"68,61115260311342";"80,0105766543454";"53,4537928284757";NA;NA;"18";"2";"Q2";"38,27750337512974";FALSE;TRUE;NA;"Zona cinzenta: nota próxima ao corte";"3";"2";"3";"1"
"BNP Paribas Match Plus 30 Advisory FIF RF CP LP RL";"BNP Paribas Match Plus 30 Advisory";"BNP Paribas Match Plus 30 Advisory";"BNP PARIBAS MATCH PLUS 30 ADVISORY RESP LIMITADA FIF CIC RENDA FIXA CRÉDITO PRIVADO LP";"0,0065";"0,00615930331893111";"0,888888888888889";"0,870967741935484";"0,96";"0,00411586643576198";"-0,00554352812016012";"-0,00224848115857605";"-0,00478393566012214";"-0,0825633733797338";"3";"2023-09-01";"2026-08-01";"36";"1,000000000000000";"6";"IRF-M 1";"0,00480804763660940";"39,14301545720235";"84,37273156421749";"71,08099505299386";"69,91205389592237";"75,93011319465472";"58,04824596245718";"63,41264430301259";"70,03047052161349";"63,25223283237069";"0,9475851259894014";"41,64787620526097";"33,97042474945354";"38,5768956229380";"53,0201034080330";NA;NA;"19";"2";"Q2";"38,57689562293800";FALSE;TRUE;NA;"Zona cinzenta: nota próxima ao corte";"3";"1";"1";"3"
"BOCOM BBM Corporate Credit Plus FIF CIC MULT CP RL";"BOCOM BBM Corporate Credit Plus MULT";"BOCOM BBM Corporate Credit Plus MULT";"BOCOM BBM CORPORATE CREDIT PLUS RESP LIMITADA FIF CIC MULTIMERCADO CRÉDITO PRIVADO";"0,0090";"0,00954067002044989";"0,750000000000000";"0,903225806451613";"1,00";"0,00565376448647127";"-0,00348691767362685";"-0,00297544150880709";"-0,00348691767362674";"-0,1165011708514686";"2";"2023-09-01";"2026-08-01";"36";"1,000000000000000";"45";"IRF-M 1";"0,00658163286481603";"62,99084544933415";"50,00000000000000";"75,47579214932939";"73,33597769949233";"64,42954950966281";"70,38581975426652";"51,62241406224227";"56,45647657625266";"60,57799509325508";"1,0600744467166547";"11,67604269403482";"37,71595218820926";"22,0920064917046";"52,6432416537931";NA;NA;"20";"2";"Q2";"22,09200649170459";TRUE;TRUE;NA;"Zona cinzenta: nota próxima ao corte e pilar abaixo do mínimo";"2";"1";"2";"4"
"Safra Grand Vitesse FIRF CP";"Safra Grand Vitesse";"Safra Grand Vitesse";"SAFRA GRAND VITESSE RESP LIMITADA FIF RENDA FIXA CRÉDITO PRIVADO";"0,0025";"0,00482803928156161";"0,722222222222222";"0,741935483870968";"0,72";"0,00498777361554007";"-0,00573372163850394";"-0,00295497056703505";"-0,00573372163850383";"-0,1857142047268116";"14";"2023-09-01";"2026-08-01";"36";"0,918032786885246";"61";"IRF-M 1";"0,00456564515195331";"30,48238689803486";"41,64787620526096";"50,00000000000000";"45,79439308353918";"44,97690771552006";"56,82523931583913";"51,96343831682371";"62,59297392076879";"57,09701939761340";"1,9312157126246454";"91,37823623899476";"68,14859733130109";"82,0863806759173";"52,3299420467925";NA;NA;"21";"2";"Q2";"30,48238689803486";FALSE;TRUE;NA;"Zona cinzenta: nota próxima ao corte";"4";"3";"2";"1"
"Vinland Crédito Multimercado FIC FI CP";"Vinland Crédito";"Vinland Crédito";"VINLAND CRÉDITO RESP LIMITADA FIF CIC MULTIMERCADO CRÉDITO PRIVADO";"0,0070";"0,01080813018521165";"0,805555555555556";"0,806451612903226";"0,72";"0,00740205536609561";"-0,01239842739190644";"-0,00406485000057355";"-0,00413760620256065";"0,4153311619154074";NA;"2023-09-01";"2026-08-01";"36";"1,000000000000000";"11";"IDA-DI";"0,00722545069892413";"71,02479142471316";"66,25079849177419";"61,05585132532283";"45,79439308353918";"57,02924689518991";"18,56687139039526";"34,03008359317811";"39,89324808009054";"29,60374805813869";"1,5440185978873786";"33,74920150822582";"54,97309786842258";"42,2387600523045";"52,0451887759153";NA;NA;"22";"2";"Q2";"29,60374805813869";TRUE;TRUE;NA;"Zona cinzenta: nota próxima ao corte e pilar abaixo do mínimo";"1";"2";"4";"3"
"Principal Claritas FIF RF";"Principal Claritas";"Principal Claritas";"PRINCIPAL CLARITAS FIF RENDA FIXA";"0,0050";"0,00724643252398272";"0,750000000000000";"0,612903225806452";"0,92";"0,00633182688509451";"-0,00757093501348849";"-0,00382044381032106";"-0,00757093501348849";"-0,0188641448408524";"7";"2023-09-01";"2026-08-01";"36";"0,967741935483871";"124";"IRF-M 1";"0,00583414863772596";"46,79345639061113";"50,00000000000000";"28,91900494700613";"66,25079849177419";"52,28412038611090";"44,80511145872583";"37,78035308030022";"50,00000000000000";"44,25615050758039";"1,4492865047965431";"66,25079849177419";"51,55756309857680";"60,3735043344952";"51,0536731988510";NA;NA;"23";"2";"Q2";"44,25615050758039";FALSE;FALSE;FALSE;"Não aprovado quantitativamente";"3";"2";"3";"2"
"Atena Yield D30 FIC de FIF RF CP RL";"Atena Yield D30";"Atena Yield D30";"ATENA YIELD D30 FIF CIC RENDA FIXA";"0,0085";"0,00587071265196371";"0,888888888888889";"0,870967741935484";"1,00";"0,00246469439919892";"-0,00303773386534956";"-0,00117803254286638";"-0,00254927062827048";"0,0460242272065504";"4";"2023-09-01";"2026-08-01";"36";"1,000000000000000";"57";"IRF-M 1";"0,00350963771693238";"37,18336265246752";"84,37273156421749";"71,08099505299386";"73,33597769949233";"77,29968271608270";"72,78803372649190";"77,97454211720419";"81,47500337063187";"76,95007713694758";"0,6906720767016123";"15,62726843578248";"26,17555329455411";"19,8465823792911";"50,8315904969732";NA;NA;"24";"2";"Q2";"19,84658237929113";TRUE;FALSE;FALSE;"Não aprovado quantitativamente";"3";"1";"1";"4"
"Riza Lotus Plus Advisory FIF RF";"Riza Lotus Plus Advisory";"Riza Lotus Plus Advisory";"RIZA LÓTUS PLUS ADVISORY FIF CIC RENDA FIXA";"0,0050";"0,00941657216619252";"0,750000000000000";"0,645161290322581";"0,52";"0,00778417706876595";"-0,01035706354902588";"-0,00441412034075017";"-0,00740914072668353";"0,2572973371524587";NA;"2023-09-01";"2026-08-01";"36";"0,826086956521739";"23";"IRF-M 1";"0,00815040849503156";"62,15446832575729";"50,00000000000000";"33,74920150822582";"26,66402230050767";"37,41544922184823";"28,06116616371373";"29,00804349565542";"36,44100260261710";"30,85918029496725";"1,8833144332385032";"66,25079849177419";"66,62345042467527";"66,3998592649346";"50,7720036784164";NA;NA;"25";"3";"Q3";"30,85918029496725";FALSE;FALSE;FALSE;"Não aprovado quantitativamente";"2";"3";"3";"1"
"Absolute Creta Advisory FIF FIRF";"Absolute Creta Advisory";"Absolute Creta Advisory";"ABSOLUTE CRETA ADVISORY FIF CIC RENDA FIXA";"0,0058";"0,00985991355488092";"0,750000000000000";"0,741935483870968";"0,72";"0,00840381631522508";"-0,01406972434535148";"-0,00474365489139065";"-0,00615388015032925";"0,2679696715526937";NA;"2023-09-01";"2026-08-01";"36";"1,000000000000000";"11";"IDA-DI";"0,00658773938271835";"65,10595166136771";"50,00000000000000";"50,00000000000000";"45,79439308353918";"48,31775723341568";"12,80811653803687";"24,69650343090112";"31,13949176381680";"21,87404517363012";"1,6999850956691238";"53,36734889796393";"60,48153029580770";"56,2130214571014";"50,0392892057656";NA;NA;"26";"3";"Q3";"21,87404517363012";TRUE;FALSE;FALSE;"Não aprovado quantitativamente";"2";"3";"4";"2"
"Arx Vinson Advisory FIC de FIF RF CP RL";"Arx Vinson Advisory";"Arx Vinson Advisory";"ARX VINSON ADVISORY RESP LIMITADA FIF CIC RENDA FIXA CRÉDITO PRIVADO";"0,0050";"0,00725734950162460";"0,666666666666667";"0,806451612903226";"0,80";"0,00589901775140324";"-0,00861134786886919";"-0,00289815348966815";"-0,00353765567648878";"0,3223283926159462";NA;"2023-09-01";"2026-08-01";"36";"1,000000000000000";"26";"IRF-M 1";"0,00671886793480252";"46,87168651112700";"26,66402230050766";"61,05585132532283";"54,20560691646081";"44,55902195185195";"38,17268323740866";"52,90889470348344";"54,13486049087676";"47,38219985327152";"1,4514699003249198";"66,25079849177419";"51,63657261362926";"60,4051081405162";"49,7789784470844";NA;NA;"27";"3";"Q3";"44,55902195185195";FALSE;FALSE;FALSE;"Não aprovado quantitativamente";"3";"3";"3";"2"
"Iridium Titan Advisory FIC em FIF RF CP RL";"Iridium Titan Advisory";"Iridium Titan Advisory";"IRIDIUM TITAN ADVISORY RESP LIMITADA FIF CIC RENDA FIXA CRÉDITO PRIVADO";"0,0060";"0,00769272090657025";"0,750000000000000";"0,838709677419355";"0,84";"0,00646930540588964";"-0,00888708415193395";"-0,00394116289381844";"-0,00537216736237078";"0,1312156146065416";NA;"2023-09-01";"2026-08-01";"36";"1,000000000000000";"52";"IRF-M 1";"0,00701564392956002";"50,00000000000000";"50,00000000000000";"66,25079849177419";"58,35212379473904";"56,59100921625046";"36,47615472589872";"35,90643168843820";"48,68389078114850";"39,96755863123550";"1,2821201510950415";"50,00000000000000";"45,51480603052548";"48,2059224122102";"49,1927446333623";NA;NA;"28";"3";"Q3";"39,96755863123550";FALSE;FALSE;FALSE;"Não aprovado quantitativamente";"2";"2";"3";"3"
"Safra Vitesse Classe de Investimento RF CP RL";"Safra Vitesse";"Safra Vitesse";"SAFRA VITESSE RESP LIMITADA FIF RENDA FIXA CRÉDITO PRIVADO";"0,0050";"0,00355362858656783";"0,750000000000000";"0,645161290322581";"1,00";"0,00282914939220286";"-0,00301158257574619";"-0,00156831309472542";"-0,00288000894199814";"-0,0206627981776061";"6";"2023-09-01";"2026-08-01";"36";"0,779816513761468";"109";"IRF-M 1";"0,00370726512156629";"23,30451517841706";"50,00000000000000";"33,74920150822582";"73,33597769949233";"56,08423138144209";"72,92407279308802";"73,18013421663022";"79,27501490756414";"74,90617385449352";"0,7107257173135650";"66,25079849177419";"26,74091422190112";"50,4468447838250";"48,6053583657406";NA;NA;"29";"3";"Q3";"23,30451517841706";TRUE;FALSE;FALSE;"Não aprovado quantitativamente";"4";"2";"1";"3"
"XP Corporate Light FIRF CP LP";"XP Corporate Light";"XP Corporate Light";"XP CORPORATE LIGHT RESP LIMITADA FIF CIC RENDA FIXA CRÉDITO PRIVADO LP";"0,0050";"0,00508951327926699";"0,666666666666667";"0,677419354838710";"0,76";"0,00322441335440347";"-0,00323844074834223";"-0,00127394331346161";"-0,00179763299852620";"0,2966085661229250";NA;"2023-09-01";"2026-08-01";"36";"0,807692307692308";"130";"IRF-M 1";"0,00427985108882380";"32,09997598079675";"26,66402230050766";"38,94414867467715";"50,00000000000000";"38,45443865513850";"71,72982980756429";"76,85585839136213";"76,67751216955304";"74,75194309130026";"1,0179026558533977";"66,25079849177419";"36,29168144593699";"54,2671516734393";"47,7607789946435";NA;NA;"30";"3";"Q3";"32,09997598079675";FALSE;FALSE;FALSE;"Não aprovado quantitativamente";"4";"3";"1";"2"
"Integral FIRF CP";"Integral";"Integral";"INTEGRAL FIF RENDA FIXA";"0,0075";"0,00833878054807724";"0,722222222222222";"0,741935483870968";"0,88";"0,00677925891799986";"-0,00564712680578172";"-0,00365722270404326";"-0,00550472788486722";"0,0962059446861900";"3";"2023-09-01";"2026-08-01";"36";"0,970297029702970";"101";"IDA-DI";"0,00610401364793525";"54,63491752523196";"41,64787620526096";"50,00000000000000";"62,38373551409600";"51,61264468774279";"57,38319842084993";"40,37227154253598";"45,72610937841903";"48,78279364462647";"1,1118374064102987";"26,66402230050767";"39,49335460912736";"31,7957552239555";"46,9991339644195";NA;NA;"31";"3";"Q3";"31,79575522395555";FALSE;FALSE;FALSE;"Não aprovado quantitativamente";"2";"2";"2";"4"
"AF Invest Geraes 30 FIRF CP";"AF Invest Geraes 30";"AF Invest Geraes 30";"AF INVEST GERAES 30 FIF RENDA FIXA";"0,0050";"0,00921888142700600";"0,638888888888889";"0,580645161290323";"0,76";"0,00989023385798083";"-0,01282165812960256";"-0,00575470941293987";"-0,00978572033695879";"0,2690479693103521";NA;"2023-09-01";"2026-08-01";"36";"0,787878787878788";"66";"IDA-DI";"0,00899068071617943";"60,80722204268415";"20,60369308686863";"24,52420785067061";"50,00000000000000";"33,14631880488157";"16,94215113918291";"14,31390728374664";"20,37647835921812";"17,18397614856259";"1,8437762854011996";"66,25079849177419";"65,33765729731877";"65,8855420139920";"46,4369270472362";NA;NA;"32";"3";"Q3";"17,18397614856259";TRUE;FALSE;FALSE;"Não aprovado quantitativamente";"2";"4";"4";"1"
"Plural Crédito Corporativo II FIC de FIF RF CP LP RL";"Plural Crédito Corporativo II";"Plural Crédito Corporativo II";"PLURAL CRÉDITO CORPORATIVO II RESP LIMITADA FIF CIC RENDA FIXA CRÉDITO PRIVADO LP";"0,0050";"0,00473884155055515";"0,694444444444444";"0,580645161290323";"0,76";"0,00331518066068275";"-0,00385445592694311";"-0,00177480047417215";"-0,00287541760064103";"0,3278527355024209";NA;"2023-09-01";"2026-08-01";"36";"0,571428571428571";"84";"IRF-M 1";"0,00404971192224966";"29,94115744441715";"33,74920150822582";"24,52420785067061";"50,00000000000000";"38,40452217342445";"68,33172676309007";"70,39145698053908";"76,05004318284796";"71,26514075425214";"0,9477683101110301";"66,25079849177419";"33,97637857574504";"53,3410305253625";"46,1717635588723";NA;NA;"33";"3";"Q3";"29,94115744441715";TRUE;FALSE;FALSE;"Não aprovado quantitativamente";"4";"3";"1";"2"
"Safra Polaris Classe de Investimento RF CP RL";"Safra Polaris";"Safra Polaris";"SAFRA POLARIS RESP LIMITADA FIF RENDA FIXA CRÉDITO PRIVADO";"0,0060";"0,00518852851313278";"0,722222222222222";"0,645161290322581";"0,72";"0,00453476854452238";"-0,00480208187459363";"-0,00252962705865741";"-0,00366489006580073";"-0,0856868877426583";NA;"2023-09-01";"2026-08-01";"36";"1,000000000000000";"50";"IRF-M 1";"0,00501288581914028";"32,72420796757711";"41,64787620526096";"33,74920150822582";"45,79439308353918";"41,72674801716522";"62,70984534613660";"58,96152069490654";"66,55892852483727";"62,74007290437778";"0,8647547521887974";"50,00000000000000";"31,33231535128191";"42,5329261405128";"43,4301955105682";NA;NA;"34";"3";"Q3";"32,72420796757711";FALSE;FALSE;FALSE;"Não aprovado quantitativamente";"4";"3";"2";"3"
"SPX Seahawk Advisory FIC FIRF CP LP";"SPX Seahawk Advisory";"SPX Seahawk Advisory";"SPX SEAHAWK ADVISORY RESP LIMITADA FIF CIC RENDA FIXA CRÉDITO PRIVADO LP";"0,0060";"0,00880306451362811";"0,777777777777778";"0,612903225806452";"0,64";"0,01016884964607359";"-0,01927985073435512";"-0,00644199990546760";"-0,01113886227606375";"0,3593654628964192";NA;"2023-09-01";"2026-08-01";"36";"1,000000000000000";"45";"IDA-DI";"0,00570676903302586";"57,92139669892037";"58,35212379473904";"28,91900494700613";"37,61626448590400";"44,17115630165844";"3,59665069798993";"9,55193820527549";"18,69969191355994";"9,91414931484660";"1,4671774189380187";"50,00000000000000";"52,20470816673880";"50,8818832666955";"43,1225087647339";NA;NA;"35";"3";"Q3";"9,91414931484660";TRUE;FALSE;FALSE;"Não aprovado quantitativamente";"2";"3";"4";"2"
"Ibiuna Credit FIF CIC Multimercado CP RL";"Ibiuna Credit";"Ibiuna Credit";"IBIUNA CREDIT RESP LIMITADA FIF CIC MULTIMERCADO CRÉDITO PRIVADO";"0,0076";"0,00756153055129971";"0,666666666666667";"0,806451612903226";"1,00";"0,00842128811458212";"-0,00675521612832797";"-0,00442605739572214";"-0,00667417416501248";"-0,1048746381652246";"2";"2023-09-01";"2026-08-01";"36";"1,000000000000000";"38";"IRF-M 1";"0,00880345471740535";"49,05622528080117";"26,66402230050766";"61,05585132532283";"73,33597769949233";"52,21117026506457";"50,15059725783988";"28,84429968144885";"30,99617817677786";"38,01238226060396";"0,9949382304341725";"25,36602380937401";"35,52592112563548";"29,4299827358786";"42,7296322865969";NA;NA;"36";"3";"Q3";"29,42998273587860";TRUE;FALSE;FALSE;"Não aprovado quantitativamente";"3";"2";"3";"4"
"Augme 30 Advisory CIC RF CP LP RL";"Augme 30 Advisory";"Augme 30 Advisory";"AUGME 30 ADVISORY FIF CIC RENDA FIXA";"0,0060";"0,00727519942575472";"0,638888888888889";"0,709677419354839";"0,76";"0,00765597511483972";"-0,00865417319412431";"-0,00408363977172773";"-0,00544676822296775";"-0,1018058663391160";NA;"2023-09-01";"2026-08-01";"36";"1,000000000000000";"52";"IRF-M 1";"0,00831626214251013";"46,99963048511697";"20,60369308686863";"44,40280139737902";"50,00000000000000";"37,12203751422326";"37,90717162715480";"33,74920150822582";"37,58570539303479";"36,56334072124010";"1,2125332376257865";"50,00000000000000";"43,02776176604281";"47,2111047064171";"42,4958428449432";NA;NA;"37";"4";"Q4";"36,56334072124010";FALSE;FALSE;FALSE;"Não aprovado quantitativamente";"3";"3";"3";"3"
"AZ Quest Altro Advisory FIC de FIF Multimercado CP";"AZ Quest Altro Advisory";"AZ Quest Altro Advisory";"AZ QUEST ALTRO ADVISORY FIF CIC MULTIMERCADO CRÉDITO PRIVADO";"0,0080";"0,00972832445083061";"0,722222222222222";"0,806451612903226";"0,76";"0,01288111210953325";"-0,02171675578140331";"-0,00746658849064685";"-0,01791421870813081";"0,2656377339852120";NA;"2023-09-01";"2026-08-01";"36";"1,000000000000000";"48";"IDA-DI";"0,00944715944103284";"64,24076587897940";"41,64787620526096";"61,05585132532283";"50,00000000000000";"48,87032074716895";"1,92735981436306";"5,06107006861132";"7,52655671540892";"4,54723196095130";"1,2160405563538257";"20,60369308686863";"43,15238259064462";"29,6231688883790";"39,8050485647711";NA;"Drawdown entre os 10% piores; Cauda entre os 10% piores";"38";"4";"Q4";"4,54723196095130";TRUE;FALSE;FALSE;"Não aprovado quantitativamente";"2";"2";"4";"4"
"Mag High Grade Plus 30 FIF RF CP LP RL";"Mag High Grade Plus 30";"Mag High Grade Plus 30";"MAG HIGH GRADE PLUS 30 RESP LIMITADA FIF RENDA FIXA CRÉDITO PRIVADO LP";"0,0064";"0,00251363296384666";"0,583333333333333";"0,806451612903226";"1,00";"0,00329736823742047";"-0,00403705874863602";"-0,00197843287485196";"-0,00297420874902776";"0,0840945482032943";"3";"2023-09-01";"2026-08-01";"36";"1,000000000000000";"4";"IRF-M 1";"0,00354034352618637";"18,38470455330235";"11,67604269403483";"61,05585132532283";"73,33597769949233";"46,21597842247543";"67,28328659739356";"67,48363703158304";"76,17408604040943";"70,01063156055517";"0,3927551506010402";"43,29571028402382";"18,71664896779778";"33,4640857575334";"39,4375537231039";NA;NA;"39";"4";"Q4";"18,38470455330235";TRUE;FALSE;FALSE;"Não aprovado quantitativamente";"4";"3";"1";"4"
"Western Asset Total Credit Plus FIF";"Western Asset Total Credit Plus";"Western Asset Total Credit Plus";"WESTERN ASSET TOTAL CREDIT PLUS CI RESP LIMITADA RENDA FIXA CRÉDITO PRIVADO";"0,0065";"0,00534904262299540";"0,611111111111111";"0,483870967741935";"0,56";"0,00523075514029086";"-0,00593936428602815";"-0,00213737365171000";"-0,00331187519954168";"0,2016054139016315";NA;"2023-09-01";"2026-08-01";"36";"1,000000000000000";"2";"IRF-M 1";"0,00552393588625538";"33,74920150822582";"15,62726843578250";"14,20164506795346";"30,08794610407763";"21,12641482953475";"55,49350647713982";"65,11489840610518";"60,38968069823265";"59,84877632215728";"0,8229296343069852";"41,64787620526097";"30,04342655138743";"37,0060963437116";"36,6276435102108";NA;NA;"40";"4";"Q4";"21,12641482953475";TRUE;FALSE;FALSE;"Não aprovado quantitativamente";"3";"4";"2";"3"
"Valora Absolute FIF RF CP LP RL";"Valora Absolute";"Valora Absolute";"VALORA ABSOLUTE RESP LIMITADA FIF RENDA FIXA CRÉDITO PRIVADO LP";"0,0050";"0,00367799887651588";"0,694444444444444";"0,645161290322581";"0,64";"0,00945613170831886";"-0,01699961727181099";"-0,00519733448284772";"-0,00548884770317104";"0,0981460413793703";NA;"2023-09-01";"2026-08-01";"36";"0,957142857142857";"140";"IDA-DI";"0,00793086173044550";"23,95035879122814";"33,74920150822582";"33,74920150822582";"37,61626448590400";"35,29602669929709";"6,36416354031478";"19,50430957719017";"23,20699028804571";"15,35905537569668";"0,7355997753031751";"66,25079849177419";"27,45285409049669";"50,7316207312632";"31,7638305701478";NA;NA;"41";"4";"Q4";"15,35905537569668";TRUE;FALSE;FALSE;"Não aprovado quantitativamente";"4";"4";"4";"2"
"Inter Premium FIF RF CP LP RL";"Inter Premium";"Inter Premium";"INTER PREMIUM RESP LIMITADA FIF RENDA FIXA CRÉDITO PRIVADO LP";"0,0060";"0,00384310433817658";"0,638888888888889";"0,612903225806452";"0,72";"0,00824816451373963";"-0,00934226656826453";"-0,00478820839346805";"-0,00866916692803543";"-0,0556990527781136";NA;"2023-09-01";"2026-08-01";"36";"0,521126760563380";"71";"IDA-DI";"0,00797815127074576";"24,82650189144686";"20,60369308686863";"28,91900494700613";"45,79439308353918";"32,34303545756435";"33,74920150822582";"24,14782975684221";"32,43200246276751";"30,47363026917324";"0,6405173896960973";"50,00000000000000";"24,79575581157167";"39,9183023246287";"31,6080110668170";NA;NA;"42";"4";"Q4";"24,82650189144686";TRUE;FALSE;FALSE;"Não aprovado quantitativamente";"4";"4";"3";"3"
"XP Corporate Top CP FIF FIRF LP RL";"XP Corporate Top";"XP Corporate Top";"XP CORPORATE TOP RESP LIMITADA FIF RENDA FIXA CRÉDITO PRIVADO LP";"0,0075";"0,00554781902350321";"0,611111111111111";"0,516129032258065";"0,48";"0,00584820786153609";"-0,00984278858497700";"-0,00313551042711087";"-0,00383798830497561";"0,3346307625557566";NA;"2023-09-01";"2026-08-01";"36";"0,908571428571429";"175";"IRF-M 1";"0,00647633058004368";"35,03992795321492";"15,62726843578250";"17,16736722334872";"23,49876839459185";"19,08388817681949";"30,87112266922460";"48,95311423728477";"54,61765505543108";"43,41967985550460";"0,7397092031337612";"26,66402230050767";"27,57160083921739";"27,0270537159916";"30,7236498302682";NA;NA;"43";"4";"Q4";"19,08388817681949";TRUE;FALSE;FALSE;"Não aprovado quantitativamente";"3";"4";"3";"4"
"XP Corporate Plus FIC FIF Multi CP RL";"XP Corporate Plus";"XP Corporate Plus";"XP CORPORATE PLUS RESP LIMITADA FIF CIC MULTIMERCADO CRÉDITO PRIVADO";"0,0075";"0,00705575644003775";"0,638888888888889";"0,516129032258065";"0,36";"0,01479049735072567";"-0,02583167956984556";"-0,00674238273161872";"-0,00778053185703553";"0,2051718099707190";NA;"2023-09-01";"2026-08-01";"36";"0,936708860759494";"79";"IDA-DI";"0,01441491184219557";"45,42996586095055";"20,60369308686863";"17,16736722334872";"15,62726843578249";"17,92585805373020";"1,79862099620916";"7,95517811232562";"3,76947906678559";"4,23684555221702";"0,9407675253383670";"26,66402230050767";"33,74920150822582";"29,4980939835949";"26,3323468780599";NA;"Drawdown entre os 10% piores; Cauda entre os 10% piores";"44";"4";"Q4";"4,23684555221702";TRUE;FALSE;FALSE;"Não aprovado quantitativamente";"3";"4";"4";"4"
"ARX Everest Advisory FIC de FIF RF CP RL";"ARX Everest Advisory";"ARX Everest Advisory";"ARX EVEREST ADVISORY RESP LIMITADA FIF CIC RENDA FIXA CRÉDITO PRIVADO";"0,0070";"0,00371549816833383";"0,611111111111111";"0,677419354838710";"0,72";"0,01650051310917254";"-0,02279286047245188";"-0,01057409393080292";"-0,02216573153830848";"-0,0305188188659279";"8";"2023-09-01";"2026-08-01";"36";"0,976744186046512";"43";"IRF-M 1";"0,01669753884228425";"24,14747787865152";"15,62726843578250";"38,94414867467715";"45,79439308353918";"32,35749434266410";"1,79862099620916";"1,79862099620916";"1,99421916072892";"1,85730044556508";"0,5307854526191187";"33,74920150822582";"21,95089700016625";"29,0298797050020";"22,9625469646250";NA;"Drawdown entre os 10% piores; Cauda entre os 10% piores";"45";"4";"Q4";"1,85730044556508";TRUE;FALSE;FALSE;"Não aprovado quantitativamente";"4";"4";"4";"4"
"BB Asset RF CP LP FIC FIF RL";"BB Asset";"BB Asset";"BB ASSET RESP LIMITADA FIF CIC RENDA FIXA CRÉDITO PRIVADO LP";"0,0050";"-0,00039336490086106";"0,583333333333333";"0,451612903225806";"0,44";"0,01051215031063844";"-0,02777977244329555";"-0,00725816756774222";"-0,00855347472284906";"0,2895091562600299";NA;"2023-09-01";"2026-08-01";"36";"0,187500000000000";"16";"IDA-DI";"0,00622877067565691";"8,89027142821884";"11,67604269403483";"11,67604269403481";"20,60369308686864";"15,24710285116835";"1,79862099620916";"5,77257151856994";"16,78233845787937";"7,48592139141845";"-0,0786729801722119";"66,25079849177419";"10,41819156853279";"43,9177557224776";"18,9554803501608";"Excesso anualizado sobre o CDI não positivo";"Drawdown entre os 10% piores; Cauda entre os 10% piores";"46";"4";"Q4";"7,48592139141845";TRUE;FALSE;FALSE;"Reprovado por red flag absoluto";"4";"4";"4";"3"
"Capitânia Premium 45 FIC de FIF RF CP LP RL";"Capitânia Premium 45";"Capitânia Premium 45";"CAPITÂNIA PREMIUM 45 RESP LIMITADA FIF CIC RENDA FIXA CRÉDITO PRIVADO LP";"0,0055";"-0,03509826523521042";"0,250000000000000";"0,193548387096774";"0,00";"0,02033486551699283";"-0,10397031658711975";"-0,01749049685253475";"-0,02113135416227241";"0,3247012211539489";NA;"2023-09-01";"2026-08-01";"36";"0,632911392405063";"79";"IDA-DI";"0,01870993537428456";"1,79862099620916";"1,79862099620916";"2,14129408363183";"3,90218057064289";"2,70857944346719";"1,79862099620916";"1,79862099620916";"1,79862099620916";"1,79862099620916";"-6,3815027700382592";"58,35212379473905";"1,79862099620916";"35,7307226753271";"10,5091360278031";"Excesso anualizado sobre o CDI não positivo";"Drawdown entre os 10% piores; Cauda entre os 10% piores";"47";"4";"Q4";"1,79862099620916";TRUE;FALSE;FALSE;"Reprovado por red flag absoluto";"4";"4";"4";"3"
