"nome_xlsx";"nome_curto";"nome_plot";"nome_quantum";"taxa_adm_aa";"revisar";"primeiro_mes";"ultimo_mes";"n_meses";"n_meses_completos";"data_inicio_score";"data_fim_score";"elegivel_score_36m";"motivo_inelegibilidade"
"Persevera Yield FIRF LP";"Persevera Yield";"Persevera Yield";"PERSEVERA YIELD FI RENDA FIXA LP";"0,0070";FALSE;"2023-10-01";"2026-08-01";"35";"35";"2023-09-01";"2026-08-31";FALSE;"Histórico inferior a 36 meses"
"BOCOM BBM Corporate Credit Plus FIF CIC MULT CP RL";"BOCOM BBM Corporate Credit Plus MULT";"BOCOM BBM Corporate Credit Plus MULT";"BOCOM BBM CORPORATE CREDIT PLUS RESP LIMITADA FIF CIC MULTIMERCADO CRÉDITO PRIVADO";"0,0090";FALSE;"2023-09-01";"2026-08-01";"36";"36";"2023-09-01";"2026-08-31";TRUE;NA
"Atena Yield D30 FIC de FIF RF CP RL";"Atena Yield D30";"Atena Yield D30";"ATENA YIELD D30 FIF CIC RENDA FIXA";"0,0085";FALSE;"2023-09-01";"2026-08-01";"36";"36";"2023-09-01";"2026-08-31";TRUE;NA
"BNP Paribas Rubi FIF RF CP RL";"BNP Paribas Rubi";"BNP Paribas Rubi";"BNP PARIBAS RUBI RESP LIMITADA FIF CIC RENDA FIXA CRÉDITO PRIVADO";"0,0040";FALSE;"2023-09-01";"2026-08-01";"36";"36";"2023-09-01";"2026-08-31";TRUE;NA
"SulAmérica Crédito Ativo FIRF CP LP";"SulAmérica Crédito Ativo";"SulAmérica Crédito Ativo";"SULAMÉRICA CRÉDITO ATIVO RESP LIMITADA FIF RENDA FIXA CRÉDITO PRIVADO LP";"0,0060";FALSE;"2023-09-01";"2026-08-01";"36";"36";"2023-09-01";"2026-08-31";TRUE;NA
"Mag High Grade Plus 30 FIF RF CP LP RL";"Mag High Grade Plus 30";"Mag High Grade Plus 30";"MAG HIGH GRADE PLUS 30 RESP LIMITADA FIF RENDA FIXA CRÉDITO PRIVADO LP";"0,0064";FALSE;"2023-09-01";"2026-08-01";"36";"36";"2023-09-01";"2026-08-31";TRUE;NA
"Ibiuna Credit FIF CIC Multimercado CP RL";"Ibiuna Credit";"Ibiuna Credit";"IBIUNA CREDIT RESP LIMITADA FIF CIC MULTIMERCADO CRÉDITO PRIVADO";"0,0076";FALSE;"2023-09-01";"2026-08-01";"36";"36";"2023-09-01";"2026-08-31";TRUE;NA
"BNP Paribas Match Plus 30 Advisory FIF RF CP LP RL";"BNP Paribas Match Plus 30 Advisory";"BNP Paribas Match Plus 30 Advisory";"BNP PARIBAS MATCH PLUS 30 ADVISORY RESP LIMITADA FIF CIC RENDA FIXA CRÉDITO PRIVADO LP";"0,0065";FALSE;"2023-09-01";"2026-08-01";"36";"36";"2023-09-01";"2026-08-31";TRUE;NA
"Daycoval Classic 30 FIRF CP";"Daycoval Classic 30";"Daycoval Classic 30";"DAYCOVAL CLASSIC 30 FIF";"0,0040";FALSE;"2023-09-01";"2026-08-01";"36";"36";"2023-09-01";"2026-08-31";TRUE;NA
"Principal Claritas FIF RF";"Principal Claritas";"Principal Claritas";"PRINCIPAL CLARITAS FIF RENDA FIXA";"0,0050";FALSE;"2023-09-01";"2026-08-01";"36";"36";"2023-09-01";"2026-08-31";TRUE;NA
"Bradesco Ultra II FIF - CIC RF CP LP - RL";"Bradesco Ultra II";"Bradesco Ultra II";"BRADESCO ULTRA II RESP LIMITADA FIF CIC RENDA FIXA CRÉDITO PRIVADO LP";"0,0060";FALSE;"2024-07-01";"2026-08-01";"26";"26";"2023-09-01";"2026-08-31";FALSE;"Histórico inferior a 36 meses"
"Tivio Institucional 15";"Tivio Institucional 15";"Tivio Institucional 15";"TIVIO INSTITUCIONAL 15 RESP LIMITADA FIF RENDA FIXA CRÉDITO PRIVADO LP";"0,0050";FALSE;"2023-09-01";"2026-08-01";"36";"36";"2023-09-01";"2026-08-31";TRUE;NA
"Root Capital Crédito HG Plus FIC de FIF Multimercado CP RL";"Root Capital Crédito HG Plus";"Root Capital Crédito HG Plus";"ROOT CAPITAL CRÉDITO HG PLUS RESP LIMITADA FIF CIC MULTIMERCADO CRÉDITO PRIVADO";"0,0104";FALSE;"2023-09-01";"2026-08-01";"36";"36";"2023-09-01";"2026-08-31";TRUE;NA
"Bocom BBM Corporate Credit II FIF RF CP RL";"Bocom BBM Corporate Credit II";"Bocom BBM Corporate Credit II";"BOCOM BBM CORPORATE CREDIT II RESP LIMITADA FIF CIC RENDA FIXA CRÉDITO PRIVADO";"0,0060";FALSE;"2023-09-01";"2026-08-01";"36";"36";"2023-09-01";"2026-08-31";TRUE;NA
"Occam Crédito Corporativo 30 FIC FIF RF CP LP RL";"Occam Crédito Corporativo 30";"Occam Crédito Corporativo 30";"OCCAM CRÉDITO CORPORATIVO 30 RESP LIMITADA FIF CIC RENDA FIXA";"0,0060";FALSE;"2023-09-01";"2026-08-01";"36";"36";"2023-09-01";"2026-08-31";TRUE;NA
"Safra Grand Vitesse FIRF CP";"Safra Grand Vitesse";"Safra Grand Vitesse";"SAFRA GRAND VITESSE RESP LIMITADA FIF RENDA FIXA CRÉDITO PRIVADO";"0,0025";FALSE;"2023-09-01";"2026-08-01";"36";"36";"2023-09-01";"2026-08-31";TRUE;NA
"Safra Vitesse Classe de Investimento RF CP RL";"Safra Vitesse";"Safra Vitesse";"SAFRA VITESSE RESP LIMITADA FIF RENDA FIXA CRÉDITO PRIVADO";"0,0050";FALSE;"2023-09-01";"2026-08-01";"36";"36";"2023-09-01";"2026-08-31";TRUE;NA
"SulAmérica Crédito ESG FIRF CP LP IS";"SulAmérica Crédito ESG";"SulAmérica Crédito ESG";"SULAMÉRICA CRÉDITO ESG INVEST SUSTENTÁVEL RESP LIMITADA FIF RENDA FIXA CRÉDITO PRIVADO LP";"0,0060";FALSE;"2023-09-01";"2026-08-01";"36";"36";"2023-09-01";"2026-08-31";TRUE;NA
"Novus Crédito FIM CP LP";"Novus Crédito";"Novus Crédito";"NOVUS CRÉDITO HIGH GRADE FI MULTIMERCADO LP";"0,0070";FALSE;"2023-09-01";"2026-08-01";"36";"36";"2023-09-01";"2026-08-31";TRUE;NA
"Safra Polaris Classe de Investimento RF CP RL";"Safra Polaris";"Safra Polaris";"SAFRA POLARIS RESP LIMITADA FIF RENDA FIXA CRÉDITO PRIVADO";"0,0060";FALSE;"2023-09-01";"2026-08-01";"36";"36";"2023-09-01";"2026-08-31";TRUE;NA
"Vinland Crédito 10 FIC FIRF";"Vinland Crédito 10";"Vinland Crédito 10";"VINLAND CRÉDITO 10 FIC RENDA FIXA";"0,0050";FALSE;"2024-01-01";"2026-08-01";"32";"31";"2023-09-01";"2026-08-31";FALSE;"Histórico inferior a 36 meses"
"Compass Yield 30 FIF RF CP LP RL";"Compass Yield 30";"Compass Yield 30";"COMPASS YIELD 30 FIF RENDA FIXA";"0,0060";FALSE;"2023-09-01";"2026-08-01";"36";"36";"2023-09-01";"2026-08-31";TRUE;NA
"Augme 30 II CIC de CIRF CP LP RL";"Augme 30 II";"Augme 30 II";"AUGME 30 II RESP LIMITADA FIF RENDA FIXA CRÉDITO PRIVADO LP";"0,0060";FALSE;"2023-09-01";"2026-08-01";"36";"35";"2023-09-01";"2026-08-31";FALSE;"Há meses incompletos na janela comum"
"Plural Crédito Corporativo II FIC de FIF RF CP LP RL";"Plural Crédito Corporativo II";"Plural Crédito Corporativo II";"PLURAL CRÉDITO CORPORATIVO II RESP LIMITADA FIF CIC RENDA FIXA CRÉDITO PRIVADO LP";"0,0050";FALSE;"2023-09-01";"2026-08-01";"36";"36";"2023-09-01";"2026-08-31";TRUE;NA
"XP Corporate Light FIRF CP LP";"XP Corporate Light";"XP Corporate Light";"XP CORPORATE LIGHT RESP LIMITADA FIF CIC RENDA FIXA CRÉDITO PRIVADO LP";"0,0050";FALSE;"2023-09-01";"2026-08-01";"36";"36";"2023-09-01";"2026-08-31";TRUE;NA
"BTG Pactual Crédito Corporativo I FIF em Cotas de FIRF";"BTG Pactual Crédito Corporativo I";"BTG Pactual Crédito Corporativo I";"BTG PACTUAL CRÉDITO CORPORATIVO I FIF CIC RENDA FIXA";"0,0050";FALSE;"2023-09-01";"2026-08-01";"36";"36";"2023-09-01";"2026-08-31";TRUE;NA
"Integral FIRF CP";"Integral";"Integral";"INTEGRAL FIF RENDA FIXA";"0,0075";FALSE;"2023-09-01";"2026-08-01";"36";"36";"2023-09-01";"2026-08-31";TRUE;NA
"Western Asset Total Credit Plus FIF";"Western Asset Total Credit Plus";"Western Asset Total Credit Plus";"WESTERN ASSET TOTAL CREDIT PLUS CI RESP LIMITADA RENDA FIXA CRÉDITO PRIVADO";"0,0065";FALSE;"2023-09-01";"2026-08-01";"36";"36";"2023-09-01";"2026-08-31";TRUE;NA
"Tríade CIC CLasses FIM CP Resp Limitada";"Tríade";"Tríade";"TRÍADE FIF CIC MULTIMERCADO";"0,0066";FALSE;"2024-05-01";"2026-08-01";"28";"26";"2023-09-01";"2026-08-31";FALSE;"Histórico inferior a 36 meses"
"Porto Seguro Ipê RF FIC FI CP LP";"Porto Seguro Ipê";"Porto Seguro Ipê";"PORTO SEGURO IPÊ RESP LIMITADA FIF CIC RENDA FIXA CRÉDITO PRIVADO LP";"0,0050";FALSE;"2023-09-01";"2026-08-01";"36";"36";"2023-09-01";"2026-08-31";TRUE;NA
"Polo Crédito Corporativo Advisory FIC FIF RF CP LP RL";"Polo Crédito Corporativo Advisory";"Polo Crédito Corporativo Advisory";"POLO CRÉDITO CORPORATIVO ADVISORY RESP LIMITADA FIF CIC RENDA FIXA CRÉDITO PRIVADO LP";"0,0050";FALSE;"2023-09-01";"2026-08-01";"36";"36";"2023-09-01";"2026-08-31";TRUE;NA
"Inter Premium FIF RF CP LP RL";"Inter Premium";"Inter Premium";"INTER PREMIUM RESP LIMITADA FIF RENDA FIXA CRÉDITO PRIVADO LP";"0,0060";FALSE;"2023-09-01";"2026-08-01";"36";"36";"2023-09-01";"2026-08-31";TRUE;NA
"Iridium Titan Advisory FIC em FIF RF CP RL";"Iridium Titan Advisory";"Iridium Titan Advisory";"IRIDIUM TITAN ADVISORY RESP LIMITADA FIF CIC RENDA FIXA CRÉDITO PRIVADO";"0,0060";FALSE;"2023-09-01";"2026-08-01";"36";"36";"2023-09-01";"2026-08-31";TRUE;NA
"AF Invest Geraes 30 FIRF CP";"AF Invest Geraes 30";"AF Invest Geraes 30";"AF INVEST GERAES 30 FIF RENDA FIXA";"0,0050";FALSE;"2023-09-01";"2026-08-01";"36";"36";"2023-09-01";"2026-08-31";TRUE;NA
"Sparta Top FIC FIF RF CP LP - Resp Limitada";"Sparta Top";"Sparta Top";"SPARTA TOP RESP LIMITADA FIF CIC RENDA FIXA CRÉDITO PRIVADO LP";"0,0030";FALSE;"2023-09-01";"2026-08-01";"36";"36";"2023-09-01";"2026-08-31";TRUE;NA
"Augme 30 Advisory CIC RF CP LP RL";"Augme 30 Advisory";"Augme 30 Advisory";"AUGME 30 ADVISORY FIF CIC RENDA FIXA";"0,0060";FALSE;"2023-09-01";"2026-08-01";"36";"36";"2023-09-01";"2026-08-31";TRUE;NA
"Riza Lotus Plus Advisory FIF RF";"Riza Lotus Plus Advisory";"Riza Lotus Plus Advisory";"RIZA LÓTUS PLUS ADVISORY FIF CIC RENDA FIXA";"0,0050";FALSE;"2023-09-01";"2026-08-01";"36";"36";"2023-09-01";"2026-08-31";TRUE;NA
"XP Corporate Top CP FIF FIRF LP RL";"XP Corporate Top";"XP Corporate Top";"XP CORPORATE TOP RESP LIMITADA FIF RENDA FIXA CRÉDITO PRIVADO LP";"0,0075";FALSE;"2023-09-01";"2026-08-01";"36";"36";"2023-09-01";"2026-08-31";TRUE;NA
"Selection RF Light FIC FIRF CP LP";"Selection Light";"Selection Light";"SELECTION RF LIGHT FIC RENDA FIXA CRÉDITO PRIVADO LP";"0,0031";FALSE;"2023-09-01";"2026-08-01";"36";"36";"2023-09-01";"2026-08-31";TRUE;NA
"Vinland Crédito Multimercado FIC FI CP";"Vinland Crédito";"Vinland Crédito";"VINLAND CRÉDITO RESP LIMITADA FIF CIC MULTIMERCADO CRÉDITO PRIVADO";"0,0070";FALSE;"2023-09-01";"2026-08-01";"36";"36";"2023-09-01";"2026-08-31";TRUE;NA
"Sparta Max Advisory FIC de FIF RF CP LP RL";"Sparta Max Advisory";"Sparta Max Advisory";"SPARTA MAX ADVISORY RESP LIMITADA FIF CIC RENDA FIXA CRÉDITO PRIVADO LP";"0,0035";FALSE;"2023-09-01";"2026-08-01";"36";"36";"2023-09-01";"2026-08-31";TRUE;NA
"Arx Vinson Advisory FIC de FIF RF CP RL";"Arx Vinson Advisory";"Arx Vinson Advisory";"ARX VINSON ADVISORY RESP LIMITADA FIF CIC RENDA FIXA CRÉDITO PRIVADO";"0,0050";FALSE;"2023-09-01";"2026-08-01";"36";"36";"2023-09-01";"2026-08-31";TRUE;NA
"Absolute Creta Advisory FIF FIRF";"Absolute Creta Advisory";"Absolute Creta Advisory";"ABSOLUTE CRETA ADVISORY FIF CIC RENDA FIXA";"0,0058";FALSE;"2023-09-01";"2026-08-01";"36";"36";"2023-09-01";"2026-08-31";TRUE;NA
"JGP Corporate FIC de FIF RF CP LP FEEDER II RL";"JGP Corporate FEEDER II";"JGP Corporate FEEDER II";"JGP CORPORATE FEEDER III RESP LIMITADA FIF CIC RENDA FIXA CRÉDITO PRIVADO LP";"0,0060";FALSE;"2023-09-01";"2026-08-01";"36";"36";"2023-09-01";"2026-08-31";TRUE;NA
"Valora Absolute FIF RF CP LP RL";"Valora Absolute";"Valora Absolute";"VALORA ABSOLUTE RESP LIMITADA FIF RENDA FIXA CRÉDITO PRIVADO LP";"0,0050";FALSE;"2023-09-01";"2026-08-01";"36";"36";"2023-09-01";"2026-08-31";TRUE;NA
"XP Corporate Plus FIC FIF Multi CP RL";"XP Corporate Plus";"XP Corporate Plus";"XP CORPORATE PLUS RESP LIMITADA FIF CIC MULTIMERCADO CRÉDITO PRIVADO";"0,0075";FALSE;"2023-09-01";"2026-08-01";"36";"36";"2023-09-01";"2026-08-31";TRUE;NA
"ARX Everest Advisory FIC de FIF RF CP RL";"ARX Everest Advisory";"ARX Everest Advisory";"ARX EVEREST ADVISORY RESP LIMITADA FIF CIC RENDA FIXA CRÉDITO PRIVADO";"0,0070";FALSE;"2023-09-01";"2026-08-01";"36";"36";"2023-09-01";"2026-08-31";TRUE;NA
"AZ Quest Altro Advisory FIC de FIF Multimercado CP";"AZ Quest Altro Advisory";"AZ Quest Altro Advisory";"AZ QUEST ALTRO ADVISORY FIF CIC MULTIMERCADO CRÉDITO PRIVADO";"0,0080";FALSE;"2023-09-01";"2026-08-01";"36";"36";"2023-09-01";"2026-08-31";TRUE;NA
"Legacy Capital Credit D15 FIF MM CP RL";"Legacy Capital Credit D15";"Legacy Capital Credit D15";"LEGACY CAPITAL CREDIT 15 FIF MULTIMERCADO";"0,0060";FALSE;"2025-03-01";"2026-05-01";"15";"13";"2023-09-01";"2026-08-31";FALSE;"Histórico inferior a 36 meses"
"SPX Seahawk Advisory FIC FIRF CP LP";"SPX Seahawk Advisory";"SPX Seahawk Advisory";"SPX SEAHAWK ADVISORY RESP LIMITADA FIF CIC RENDA FIXA CRÉDITO PRIVADO LP";"0,0060";FALSE;"2023-09-01";"2026-08-01";"36";"36";"2023-09-01";"2026-08-31";TRUE;NA
"BB Asset RF CP LP FIC FIF RL";"BB Asset";"BB Asset";"BB ASSET RESP LIMITADA FIF CIC RENDA FIXA CRÉDITO PRIVADO LP";"0,0050";FALSE;"2023-09-01";"2026-08-01";"36";"36";"2023-09-01";"2026-08-31";TRUE;NA
"Capitânia Premium 45 FIC de FIF RF CP LP RL";"Capitânia Premium 45";"Capitânia Premium 45";"CAPITÂNIA PREMIUM 45 RESP LIMITADA FIF CIC RENDA FIXA CRÉDITO PRIVADO LP";"0,0055";FALSE;"2023-09-01";"2026-08-01";"36";"36";"2023-09-01";"2026-08-31";TRUE;NA
"JGP Crédito Advisory FIF Multimercado CP RL";"JGP Crédito Advisory";"JGP Crédito Advisory";"JGP CRÉDITO ADVISORY RESP LIMITADA FIF MULTIMERCADO CRÉDITO PRIVADO";"0,0110";FALSE;"2023-09-01";"2026-08-01";"36";"36";"2023-09-01";"2026-08-31";TRUE;NA
