Fundo;Gestor;Administrador;Aplicação Inicial;Cotização;Liquidação;Liquidez total (Cotização + Liquidação) em número (aproximação para filtros);Taxa de Administração;Benchmark;Data de Início;CNPJ
Persevera Yield FIRF LP;Persevera Asset Management;BTG Pactual Serviços Financeiros;500;D+14 (corridos);D+1 (útil);15;0,007;CDI;45196;51693641000100
BOCOM BBM Corporate Credit Plus FIF CIC MULT CP RL;BOCOM BBM Investimentos;BEM DTVM;1000;D+120 (corridos);D+1 (útil);121;0,009;CDI;43826;34799129000123
Atena Yield D30 FIC de FIF RF CP RL;Atena Capital;BTG Pactual Serviços Financeiros;1000;D+29 (corridos);D+1 (útil);30;0,0085;CDI;43444;31340838000158
BNP Paribas Rubi FIF RF CP RL;BNP Paribas Asset Management;BNP Paribas;500;D+9 (corridos);D+1 (útil);10;0,004;CDI;42003;21185984000100
SulAmérica Crédito Ativo FIRF CP LP;SulAmérica Investimentos;SulAmérica Investimentos;1000;D+29 (corridos);D+1 (útil);30;0,006;CDI;40994;13823084000105
Mag High Grade Plus 30 FIF RF CP LP RL;Mongeral Aegon Investimentos;BNY Mellon Serviços Financeiros;1000;D+30 (corridos);D+1 (útil);31;0,0064;CDI;45070;50697486000137
Ibiuna Credit FIF CIC Multimercado CP RL;Ibiuna Investimentos;BEM DTVM;1000;D+30 (corridos);D+1 (útil);31;0,0076;CDI;44043;37310657000165
BNP Paribas Match Plus 30 Advisory FIF RF CP LP RL;BNP Paribas Asset Management;BNP Paribas;500;D+29 (corridos);D+1 (útil);30;0,0065;CDI;45022;50098505000109
Daycoval Classic 30 FIRF CP;Daycoval Asset Management;Banco Daycoval;500;D+29 (corridos);D+1 (útil);30;0,004;CDI;43283;29250121000173
Principal Claritas FIF RF;Principal Asset Management LTDA;BTG Pactual Serviços Financeiros;1000;D+30 (corridos);D+1 (útil);31;0,005;-;40302;11447136000160
Bradesco Ultra II FIF - CIC RF CP LP - RL;Bradesco S.A.;Banco Bradesco;1000;D+30 (corridos);D+1 (útil);31;0,006;CDI;45471;55315627000123
Tivio Institucional 15;Tivio Capital;BEM DTVM;3000;D+15 (corridos);D+1 (útil);16;0,005;CDI;36983;04240128000183
Root Capital Crédito HG Plus FIC de FIF Multimercado CP RL;Root Capital;BNY Mellon Serviços Financeiros;5000;D+59 (corridos);D+1 (útil);60;0,0104;CDI;44560;42405028000159
Bocom BBM Corporate Credit II FIF RF CP RL;BOCOM BBM Investimentos;BEM DTVM;100;D+30 (corridos);D+1 (útil);31;0,006;CDI;45026;49996302000150
Occam Crédito Corporativo 30 FIC FIF RF CP LP RL;Occam Investimentos;BNY Mellon Serviços Financeiros;500;D+30 (corridos);D+1 (útil);31;0,006;CDI;44923;47586648000155
Safra Grand Vitesse FIRF CP;SAFRA ASSET CTVM S.A.;Safra Asset Management;1000;D+30 (corridos);D+1 (útil);31;0,0025;CDI;43342;23714047000112
Safra Vitesse Classe de Investimento RF CP RL;Safra Asset Management;Safra Asset Management;1000;D+30 (corridos);D+1 (útil);31;0,005;CDI;40771;11447124000136
SulAmérica Crédito ESG FIRF CP LP IS;SulAmérica Investimentos;SulAmérica Investimentos;1000;D+45 (corridos);D+1 (útil);46;0,006;CDI;44172;33701828000126
Novus Crédito FIM CP LP;Novus Crédito Gestão de Recursos Ltda.;BTG Pactual Serviços Financeiros;1000;D+30 (corridos);D+1 (útil);31;0,007;CDI;44819;45443993000104
Safra Polaris Classe de Investimento RF CP RL;Safra DTVM (*);Safra Asset Management;1000;D+15 (corridos);D+1 (útil);16;0,006;CDI;43671;30056825000199
Vinland Crédito 10 FIC FIRF;Vinland Capital Management;BTG Pactual Serviços Financeiros;1000;D+9 (corridos);D+1 (útil);10;0,005;CDI;45321;53678015000170
Compass Yield 30 FIF RF CP LP RL;Compass Group Investimentos;BTG Pactual Serviços Financeiros;500;D+29 (corridos);D+1 (útil);30;0,006;CDI;43971;36318479000156
Augme 30 II CIC de CIRF CP LP RL;Augme Capital;BNY Mellon Serviços Financeiros;500;D+30 (corridos);D+1 (útil);31;0,006;CDI;45197;52285852000176
Plural Crédito Corporativo II FIC de FIF RF CP LP RL;Plural Investimentos;Intrag DTVM;3000;D+30 (corridos);D+1 (útil);31;0,005;CDI;41506;18316558000146
XP Corporate Light FIRF CP LP;XP Asset Management;BNY Mellon Serviços Financeiros;100;D+6 (corridos);D+1 (útil);7;0,005;CDI;40120;11046179000134
BTG Pactual Crédito Corporativo I FIF em Cotas de FIRF;BTG Pactual Asset Management;BTG Pactual Serviços Financeiros;5000;D+30 (corridos);D+1 (útil);31;0,005;CDI;40899;14171644000157
Integral FIRF CP;Integral Investimentos;BTG Pactual Serviços Financeiros;1000;D+29 (corridos);D+1 (útil);30;0,0075;CDI;41023;15174629000125
Western Asset Total Credit Plus FIF;FRANKLIN TEMPLETON BRASIL LTDA.;BNP Paribas;500;D+9 (corridos);D+1 (útil);10;0,0065;CDI;45133;49984055000172
Tríade CIC CLasses FIM CP Resp Limitada;Paramis Investimentos;BTG Pactual Serviços Financeiros;500;D+29 (corridos);D+1 (útil);30;0,0066;CDI;45415;54026669000181
Porto Seguro Ipê RF FIC FI CP LP;Porto Investimentos;Intrag DTVM;3000;D+29 (corridos);D+1 (útil);30;0,005;CDI;43798;35378376000119
Polo Crédito Corporativo Advisory FIC FIF RF CP LP RL;Polo Capital;BNY Mellon Serviços Financeiros;500;D+30 (corridos);D+1 (útil);31;0,005;CDI;43395;31455879000190
Inter Premium FIF RF CP LP RL;Inter Asset Management;Banco Inter DTVM;500;D+14 (corridos);D+1 (útil);15;0,006;CDI;43039;27826059000190
Iridium Titan Advisory FIC em FIF RF CP RL;Iridium Investimentos;BNY Mellon Serviços Financeiros;100;D+30 (corridos);D+1 (útil);31;0,006;CDI;43591;32756812000158
AF Invest Geraes 30 FIRF CP;AF Invest Investimentos;BTG Pactual Serviços Financeiros;500;D+30 (corridos);D+1 (útil);31;0,005;CDI;43187;29044189000104
Sparta Top FIC FIF RF CP LP - Resp Limitada;Sparta Investimentos;BNY Mellon Serviços Financeiros;1000;D+30 (corridos);D+1 (útil);31;0,003;CDI;40946;14188162000100
Augme 30 Advisory CIC RF CP LP RL;Augme Capital;BTG Pactual Serviços Financeiros;500;D+30 (corridos);D+1 (útil);31;0,006;CDI;43612;30568495000110
Riza Lotus Plus Advisory FIF RF;Riza Líquidos Gestora de Recursos;BTG Pactual Serviços Financeiros;500;D+10 (corridos);D+1 (útil);11;0,005;CDI;44498;43917493000131
XP Corporate Top CP FIF FIRF LP RL;XP Asset Management;BNY Mellon Serviços Financeiros;1000;D+29 (corridos);D+1 (útil);30;0,0075;CDI;37134;04621721000170
Selection RF Light FIC FIRF CP LP;XP Advisory;XP Investimentos;100;D+10 (corridos);D+2 (útil);12;0,0031;CDI;42607;24572219000123
Vinland Crédito Multimercado FIC FI CP;Vinland Capital Management;Intrag DTVM;1000;D+30 (corridos);D+1 (útil);31;0,007;CDI;44861;47684408000193
Sparta Max Advisory FIC de FIF RF CP LP RL;Sparta Investimentos;BNY Mellon Serviços Financeiros;500;D+30 (corridos);D+1 (útil);31;0,0035;CDI;43585;32757330000112
Arx Vinson Advisory FIC de FIF RF CP RL;ARX Investimentos;BNY Mellon Serviços Financeiros;500;D+30 (corridos);D+1 (útil);31;0,005;CDI;44393;41888492000180
Absolute Creta Advisory FIF FIRF;Absolute Investimentos;BTG Pactual Serviços Financeiros;500;D+30 (corridos);D+1 (útil);31;0,0058;CDI;44862;48122126000165
JGP Corporate FIC de FIF RF CP LP FEEDER II RL;JGP GESTÃO DE CRÉDITO LTDA.;BNY Mellon Serviços Financeiros;1000;D+45 (corridos);D+1 (útil);46;0,006;CDI;42535;23956069000199
Valora Absolute FIF RF CP LP RL;Valora Renda Fixa;BNY Mellon Serviços Financeiros;1000;D+14 (corridos);D+1 (útil);15;0,005;CDI;39829;10326625000100
XP Corporate Plus FIC FIF Multi CP RL;XP Asset Management;BNY Mellon Serviços Financeiros;5000;D+45 (corridos);D+1 (útil);46;0,0075;CDI;42552;23999611000190
ARX Everest Advisory FIC de FIF RF CP RL;ARX Investimentos;BNY Mellon Serviços Financeiros;500;D+60 (corridos);D+1 (útil);61;0,007;CDI;43866;35789436000196
AZ Quest Altro Advisory FIC de FIF Multimercado CP;AZ Quest MZK Investimentos;BNY Mellon Serviços Financeiros;500;D+44 (corridos);D+1 (útil);45;0,008;CDI;43733;34370777000160
Legacy Capital Credit D15 FIF MM CP RL;Legacy Capital;Santander Caceis;500;D+15 (corridos);D+1 (útil);16;0,006;CDI;45729;59063042000114
SPX Seahawk Advisory FIC FIRF CP LP;SPX Capital;Intrag DTVM;1000;D+30 (corridos);D+1 (útil);31;0,006;CDI;43830;35648999000164
BB Asset RF CP LP FIC FIF RL;BB Asset Management;BB Asset Management;500;D+9 (corridos);D+1 (útil);10;0,005;CDI;44694;45081757000195
Capitânia Premium 45 FIC de FIF RF CP LP RL;Capitânia Capital;BNY Mellon Serviços Financeiros;1000;D+44 (corridos);D+1 (útil);45;0,0055;CDI;41949;20146294000171
JGP Crédito Advisory FIF Multimercado CP RL;JGP GESTÃO DE CRÉDITO LTDA.;BNY Mellon Serviços Financeiros;1000;D+45 (corridos);D+1 (útil);46;0,011;CDI;43089;28767162000179
