"nome_xlsx";"nome_plot";"nome_quantum";"taxa_adm_aa";"primeira_data";"ultima_data";"n_obs";"ret_liq_12m";"ret_pre_taxa_12m";"ret_cdi_12m";"taxa_efetiva_12m";"excesso_cdi_liq_12m";"excesso_cdi_pre_taxa_12m"
"Persevera Yield FIRF LP";"Persevera Yield";"PERSEVERA YIELD FI RENDA FIXA LP";"0,0070";"2025-07-01";"2026-06-30";"252";"0,1566995706615462";"0,164796467656147";"0,147827452111371";"0,00699999999997369";"7,72948802875817e-03";"0,014783594444933268"
"Ibiuna Credit FIF CIC Multimercado CP RL";"Ibiuna Credit";"IBIUNA CREDIT RESP LIMITADA FIF CIC MULTIMERCADO CRÉDITO PRIVADO";"0,0076";"2025-07-01";"2026-06-30";"252";"0,1547894924734725";"0,163565892616280";"0,147827452111371";"0,00760000000000960";"6,06540673800304e-03";"0,013711503829220151"
"JGP Crédito Advisory FIF Multimercado CP RL";"JGP Crédito Advisory";"JGP CRÉDITO ADVISORY RESP LIMITADA FIF MULTIMERCADO CRÉDITO PRIVADO";"0,0110";"2025-07-01";"2026-06-30";"252";"0,1546462394095347";"0,167347348043020";"0,147827452111371";"0,01099999999998102";"5,94060308073363e-03";"0,017005949714604229"
"Atena Yield D30 FIC de FIF RF CP RL";"Atena Yield D30";"ATENA YIELD D30 FIF CIC RENDA FIXA";"0,0085";"2025-07-01";"2026-06-30";"252";"0,1545404991713497";"0,164354093414316";"0,147827452111371";"0,00850000000000795";"5,84848101309121e-03";"0,014398193101711199"
"BOCOM BBM Corporate Credit Plus FIF CIC MULT CP RL";"BOCOM BBM Corporate Credit Plus MULT";"BOCOM BBM CORPORATE CREDIT PLUS RESP LIMITADA FIF CIC MULTIMERCADO CRÉDITO PRIVADO";"0,0090";"2025-07-01";"2026-06-30";"252";"0,1531379735812710";"0,163516215343487";"0,147827452111371";"0,00899999999998702";"4,62658517195358e-03";"0,013668224438487808"
"Integral FIRF CP";"Integral";"INTEGRAL FIF RENDA FIXA";"0,0075";"2025-07-01";"2026-06-30";"252";"0,1523601894215112";"0,161002890842171";"0,147827452111371";"0,00749999999999962";"3,94897099019720e-03";"0,011478588272622714"
"Daycoval Classic 30 FIRF CP";"Daycoval Classic 30";"DAYCOVAL CLASSIC 30 FIF";"0,0040";"2025-07-01";"2026-06-30";"252";"0,1522656378571032";"0,156874700408532";"0,147827452111371";"0,00400000000000089";"3,86659661917643e-03";"0,007882063005653528"
"Compass Yield 30 FIF RF CP LP RL";"Compass Yield 30";"COMPASS YIELD 30 FIF RENDA FIXA";"0,0060";"2025-07-01";"2026-06-30";"252";"0,1522423875951673";"0,159155841920734";"0,147827452111371";"0,00599999999999468";"3,84634073324763e-03";"0,009869418777643801"
"Bradesco Ultra II FIF - CIC RF CP LP - RL";"Bradesco Ultra II";"BRADESCO ULTRA II RESP LIMITADA FIF CIC RENDA FIXA CRÉDITO PRIVADO LP";"0,0060";"2025-07-01";"2026-06-30";"252";"0,1521984982251094";"0,159111689214457";"0,147827452111371";"0,00599999999999468";"3,80810382753771e-03";"0,009830952450500474"
"Mag High Grade Plus 30 FIF RF CP LP RL";"Mag High Grade Plus 30";"MAG HIGH GRADE PLUS 30 RESP LIMITADA FIF RENDA FIXA CRÉDITO PRIVADO LP";"0,0064";"2025-07-01";"2026-06-30";"252";"0,1515284518246953";"0,158898233916363";"0,147827452111371";"0,00639999999998953";"3,22435197600135e-03";"0,009644987828638429"
"BNP Paribas Rubi FIF RF CP RL";"BNP Paribas Rubi";"BNP PARIBAS RUBI RESP LIMITADA FIF CIC RENDA FIXA CRÉDITO PRIVADO";"0,0040";"2025-07-01";"2026-06-30";"252";"0,1513259957683293";"0,155931299751403";"0,147827452111371";"0,00400000000000089";"3,04797001546042e-03";"0,007060161895522388"
"Root Capital Crédito HG Plus FIC de FIF Multimercado CP RL";"Root Capital Crédito HG Plus";"ROOT CAPITAL CRÉDITO HG PLUS RESP LIMITADA FIF CIC MULTIMERCADO CRÉDITO PRIVADO";"0,0104";"2025-07-01";"2026-06-30";"252";"0,1513163009941401";"0,163289990524496";"0,147827452111371";"0,01040000000001640";"3,03952382071992e-03";"0,013471134868470180"
"Augme 30 II CIC de CIRF CP LP RL";"Augme 30 II";"AUGME 30 II RESP LIMITADA FIF RENDA FIXA CRÉDITO PRIVADO LP";"0,0060";"2025-07-01";"2026-06-30";"252";"0,1510689153861264";"0,157975328878437";"0,147827452111371";"0,00599999999999468";"2,82399873673733e-03";"0,008840942729152257"
"SulAmérica Crédito Ativo FIRF CP LP";"SulAmérica Crédito Ativo";"SULAMÉRICA CRÉDITO ATIVO RESP LIMITADA FIF RENDA FIXA CRÉDITO PRIVADO LP";"0,0060";"2025-07-01";"2026-06-30";"252";"0,1507733290902817";"0,157677969064815";"0,147827452111371";"0,00599999999999468";"2,56648067920962e-03";"0,008581879563277717"
"Bocom BBM Corporate Credit II FIF RF CP RL";"Bocom BBM Corporate Credit II";"BOCOM BBM CORPORATE CREDIT II RESP LIMITADA FIF CIC RENDA FIXA CRÉDITO PRIVADO";"0,0060";"2025-07-01";"2026-06-30";"252";"0,1506753577582980";"0,157579409904841";"0,147827452111371";"0,00599999999999468";"2,48112696876879e-03";"0,008496013730575402"
"Tivio Institucional 15";"Tivio Institucional 15";"TIVIO INSTITUCIONAL 15 RESP LIMITADA FIF RENDA FIXA CRÉDITO PRIVADO LP";"0,0050";"2025-07-01";"2026-06-30";"252";"0,1504208255525652";"0,156172929680344";"0,147827452111371";"0,00500000000001610";"2,25937568963297e-03";"0,007270672568095327"
"Augme 30 Advisory CIC RF CP LP RL";"Augme 30 Advisory";"AUGME 30 ADVISORY FIF CIC RENDA FIXA";"0,0060";"2025-07-01";"2026-06-30";"252";"0,1502629278600272";"0,157164505427182";"0,147827452111371";"0,00599999999999468";"2,12181346959062e-03";"0,008134544350403505"
"Principal Claritas FIF RF";"Principal Claritas";"PRINCIPAL CLARITAS FIF RENDA FIXA";"0,0050";"2025-07-01";"2026-06-30";"252";"0,1502088401155155";"0,155959884316113";"0,147827452111371";"0,00500000000001610";"2,07469162700691e-03";"0,007085065085159492"
"Novus Crédito FIM CP LP";"Novus Crédito";"NOVUS CRÉDITO HIGH GRADE FI MULTIMERCADO LP";"0,0070";"2025-07-01";"2026-06-30";"252";"0,1498161248228336";"0,157864837696564";"0,147827452111371";"0,00699999999997369";"1,73255371075509e-03";"0,008744681586704939"
"Occam Crédito Corporativo 30 FIC FIF RF CP LP RL";"Occam Crédito Corporativo 30";"OCCAM CRÉDITO CORPORATIVO 30 RESP LIMITADA FIF CIC RENDA FIXA";"0,0060";"2025-07-01";"2026-06-30";"252";"0,1495352029866792";"0,156432414204593";"0,147827452111371";"0,00599999999999468";"1,48781149306587e-03";"0,007496738362019029"
"Safra Grand Vitesse FIRF CP";"Safra Grand Vitesse";"SAFRA GRAND VITESSE RESP LIMITADA FIF RENDA FIXA CRÉDITO PRIVADO";"0,0025";"2025-07-01";"2026-06-30";"252";"0,1493133407453500";"0,152186624097203";"0,147827452111371";"0,00249999999998973";"1,29452264906660e-03";"0,003797758955680131"
"Vinland Crédito 10 FIC FIRF";"Vinland Crédito 10";"VINLAND CRÉDITO 10 FIC RENDA FIXA";"0,0050";"2025-07-01";"2026-06-30";"252";"0,1491300901201607";"0,154875740570779";"0,147827452111371";"0,00500000000001610";"1,13487267306001e-03";"0,006140547036440624"
"BNP Paribas Match Plus 30 Advisory FIF RF CP LP RL";"BNP Paribas Match Plus 30 Advisory";"BNP PARIBAS MATCH PLUS 30 ADVISORY RESP LIMITADA FIF CIC RENDA FIXA CRÉDITO PRIVADO LP";"0,0065";"2025-07-01";"2026-06-30";"252";"0,1490777652880038";"0,156546770762348";"0,147827452111371";"0,00649999999997797";"1,08928669926178e-03";"0,007596367062782994"
"JGP Corporate FIC de FIF RF CP LP FEEDER II RL";"JGP Corporate FEEDER II";"JGP CORPORATE FEEDER III RESP LIMITADA FIF CIC RENDA FIXA CRÉDITO PRIVADO LP";"0,0060";"2025-07-01";"2026-06-30";"252";"0,1486604214204450";"0,155552383948960";"0,147827452111371";"0,00599999999999468";"7,25692095568276e-04";"0,006730046248134780"
"Arx Vinson Advisory FIC de FIF RF CP RL";"Arx Vinson Advisory";"ARX VINSON ADVISORY RESP LIMITADA FIF CIC RENDA FIXA CRÉDITO PRIVADO";"0,0050";"2025-07-01";"2026-06-30";"252";"0,1484197118961217";"0,154161810455620";"0,147827452111371";"0,00500000000001610";"5,15983289701705e-04";"0,005518563206165839"
"SulAmérica Crédito ESG FIRF CP LP IS";"SulAmérica Crédito ESG";"SULAMÉRICA CRÉDITO ESG INVEST SUSTENTÁVEL RESP LIMITADA FIF RENDA FIXA CRÉDITO PRIVADO LP";"0,0060";"2025-07-01";"2026-06-30";"252";"0,1482173882888171";"0,155106692618543";"0,147827452111371";"0,00599999999999468";"3,39716720251459e-04";"0,006341755020566886"
"Safra Vitesse Classe de Investimento RF CP RL";"Safra Vitesse";"SAFRA VITESSE RESP LIMITADA FIF RENDA FIXA CRÉDITO PRIVADO";"0,0050";"2025-07-01";"2026-06-30";"252";"0,1478967752582914";"0,153636259134601";"0,147827452111371";"0,00500000000001610";"6,03950940469833e-05";"0,005060697069532605"
"Porto Seguro Ipê RF FIC FI CP LP";"Porto Seguro Ipê";"PORTO SEGURO IPÊ RESP LIMITADA FIF CIC RENDA FIXA CRÉDITO PRIVADO LP";"0,0050";"2025-07-01";"2026-06-30";"252";"0,1478138699143356";"0,153552939263927";"0,147827452111371";"0,00500000000001610";"-1,18329606167977e-05";"0,004988107874596803"
"Iridium Titan Advisory FIC em FIF RF CP RL";"Iridium Titan Advisory";"IRIDIUM TITAN ADVISORY RESP LIMITADA FIF CIC RENDA FIXA CRÉDITO PRIVADO";"0,0060";"2025-07-01";"2026-06-30";"252";"0,1477960766667255";"0,154682853126719";"0,147827452111371";"0,00599999999999468";"-2,73346351737924e-05";"0,005972501357009108"
"Tríade CIC CLasses FIM CP Resp Limitada";"Tríade";"TRÍADE FIF CIC MULTIMERCADO";"0,0066";"2025-07-01";"2026-06-30";"248";"0,1476571734272663";"0,155231710771905";"0,147827452111371";"0,00660000000001748";"-1,48348677139531e-04";"0,006450672221607778"
"XP Corporate Top CP FIF FIRF LP RL";"XP Corporate Top";"XP CORPORATE TOP RESP LIMITADA FIF RENDA FIXA CRÉDITO PRIVADO LP";"0,0075";"2025-07-01";"2026-06-30";"252";"0,1472436930524643";"0,155848020750359";"0,147827452111371";"0,00749999999999962";"-5,08577363116047e-04";"0,006987608306661341"
"XP Corporate Plus FIC FIF Multi CP RL";"XP Corporate Plus";"XP CORPORATE PLUS RESP LIMITADA FIF CIC MULTIMERCADO CRÉDITO PRIVADO";"0,0075";"2025-07-01";"2026-06-30";"252";"0,1471461312437141";"0,155749727228041";"0,147827452111371";"0,00749999999999962";"-5,93574292376498e-04";"0,006901973900430125"
"Sparta Max Advisory FIC de FIF RF CP LP RL";"Sparta Max Advisory";"SPARTA MAX ADVISORY RESP LIMITADA FIF CIC RENDA FIXA CRÉDITO PRIVADO LP";"0,0035";"2025-07-01";"2026-06-30";"252";"0,1468996539983476";"0,150913802787339";"0,147827452111371";"0,00349999999999695";"-8,08308000751490e-04";"0,002688862921243373"
"BTG Pactual Crédito Corporativo I FIF em Cotas de FIRF";"BTG Pactual Crédito Corporativo I";"BTG PACTUAL CRÉDITO CORPORATIVO I FIF CIC RENDA FIXA";"0,0050";"2025-07-01";"2026-06-30";"252";"0,1468546357318881";"0,152588908910567";"0,147827452111371";"0,00500000000001610";"-8,47528413520537e-04";"0,004148233944428759"
"Polo Crédito Corporativo Advisory FIC FIF RF CP LP RL";"Polo Crédito Corporativo Advisory";"POLO CRÉDITO CORPORATIVO ADVISORY RESP LIMITADA FIF CIC RENDA FIXA CRÉDITO PRIVADO LP";"0,0050";"2025-07-01";"2026-06-30";"252";"0,1468013924584342";"0,152535399420745";"0,147827452111371";"0,00500000000001610";"-8,93914543557806e-04";"0,004101615883740806"
"Western Asset Total Credit Plus FIF";"Western Asset Total Credit Plus";"WESTERN ASSET TOTAL CREDIT PLUS CI RESP LIMITADA RENDA FIXA CRÉDITO PRIVADO";"0,0065";"2025-07-01";"2026-06-30";"252";"0,1466698509215645";"0,154123204952530";"0,147827452111371";"0,00649999999997797";"-1,00851498862264e-03";"0,005484929663929883"
"Selection RF Light FIC FIRF CP LP";"Selection Light";"SELECTION RF LIGHT FIC RENDA FIXA CRÉDITO PRIVADO LP";"0,0031";"2025-07-01";"2026-06-30";"252";"0,1466274388413262";"0,150181983901753";"0,147827452111371";"0,00310000000001720";"-1,04546486306611e-03";"0,002051294195874798"
"XP Corporate Light FIRF CP LP";"XP Corporate Light";"XP CORPORATE LIGHT RESP LIMITADA FIF CIC RENDA FIXA CRÉDITO PRIVADO LP";"0,0050";"2025-07-01";"2026-06-30";"252";"0,1465267951976503";"0,152259429173657";"0,147827452111371";"0,00500000000001610";"-1,13314672107601e-03";"0,003861187545334710"
"ARX Everest Advisory FIC de FIF RF CP RL";"ARX Everest Advisory";"ARX EVEREST ADVISORY RESP LIMITADA FIF CIC RENDA FIXA CRÉDITO PRIVADO";"0,0070";"2025-07-01";"2026-06-30";"252";"0,1455176127139881";"0,153536236002957";"0,147827452111371";"0,00699999999997369";"-2,01235768767727e-03";"0,004973555808484020"
"Safra Polaris Classe de Investimento RF CP RL";"Safra Polaris";"SAFRA POLARIS RESP LIMITADA FIF RENDA FIXA CRÉDITO PRIVADO";"0,0060";"2025-07-01";"2026-06-30";"252";"0,1454995265483623";"0,152372523707646";"0,147827452111371";"0,00599999999999468";"-2,02811455565644e-03";"0,003959716757004239"
"Sparta Top FIC FIF RF CP LP - Resp Limitada";"Sparta Top";"SPARTA TOP RESP LIMITADA FIF CIC RENDA FIXA CRÉDITO PRIVADO LP";"0,0030";"2025-07-01";"2026-06-30";"252";"0,1451861500468881";"0,148621708497015";"0,147827452111371";"0,00299999999998701";"-2,30113163753387e-03";"0,000691964967541647"
"Plural Crédito Corporativo II FIC de FIF RF CP LP RL";"Plural Crédito Corporativo II";"PLURAL CRÉDITO CORPORATIVO II RESP LIMITADA FIF CIC RENDA FIXA CRÉDITO PRIVADO LP";"0,0050";"2025-07-01";"2026-06-30";"252";"0,1450663860641002";"0,150791717994439";"0,147827452111371";"0,00500000000001610";"-2,40547134692792e-03";"0,002582501296353401"
"Vinland Crédito Multimercado FIC FI CP";"Vinland Crédito";"VINLAND CRÉDITO RESP LIMITADA FIF CIC MULTIMERCADO CRÉDITO PRIVADO";"0,0070";"2025-07-01";"2026-06-30";"252";"0,1430802024640012";"0,151081763881218";"0,147827452111371";"0,00699999999997369";"-4,13585651627157e-03";"0,002835192488087390"
"Absolute Creta Advisory FIF FIRF";"Absolute Creta Advisory";"ABSOLUTE CRETA ADVISORY FIF CIC RENDA FIXA";"0,0058";"2025-07-01";"2026-06-30";"252";"0,1423742234561587";"0,148999993952176";"0,147827452111371";"0,00579999999997494";"-4,75091325371402e-03";"0,001021531449389323"
"Inter Premium FIF RF CP LP RL";"Inter Premium";"INTER PREMIUM RESP LIMITADA FIF RENDA FIXA CRÉDITO PRIVADO LP";"0,0060";"2025-07-01";"2026-06-30";"252";"0,1405947748536609";"0,147438343502775";"0,147827452111371";"0,00599999999999468";"-6,30118860148043e-03";"-0,000338995733096481"
"Riza Lotus Plus Advisory FIF RF";"Riza Lotus Plus Advisory";"RIZA LÓTUS PLUS ADVISORY FIF CIC RENDA FIXA";"0,0050";"2025-07-01";"2026-06-30";"252";"0,1400919672643228";"0,145792427100662";"0,147827452111371";"0,00500000000001610";"-6,73924014695726e-03";"-0,001772936347676612"
"Valora Absolute FIF RF CP LP RL";"Valora Absolute";"VALORA ABSOLUTE RESP LIMITADA FIF RENDA FIXA CRÉDITO PRIVADO LP";"0,0050";"2025-07-01";"2026-06-30";"252";"0,1387057770348761";"0,144399305920068";"0,147827452111371";"0,00500000000001610";"-7,94690444083423e-03";"-0,002986638963022870"
"AF Invest Geraes 30 FIRF CP";"AF Invest Geraes 30";"AF INVEST GERAES 30 FIF RENDA FIXA";"0,0050";"2025-07-01";"2026-06-30";"252";"0,1365384065056798";"0,142221098538228";"0,147827452111371";"0,00500000000001610";"-9,83514167127286e-03";"-0,004884317379612035"
"AZ Quest Altro Advisory FIC de FIF Multimercado CP";"AZ Quest Altro Advisory";"AZ QUEST ALTRO ADVISORY FIF CIC MULTIMERCADO CRÉDITO PRIVADO";"0,0080";"2025-07-01";"2026-06-30";"252";"0,1346458252035951";"0,143722991805212";"0,147827452111371";"0,00799999999998757";"-1,14839794810007e-02";"-0,003575851316859335"
"SPX Seahawk Advisory FIC FIRF CP LP";"SPX Seahawk Advisory";"SPX SEAHAWK ADVISORY RESP LIMITADA FIF CIC RENDA FIXA CRÉDITO PRIVADO LP";"0,0060";"2025-07-01";"2026-06-30";"252";"0,1337099342300874";"0,140512193835460";"0,147827452111371";"0,00599999999999468";"-1,22993380715155e-02";"-0,006373134099951216"
"BB Asset RF CP LP FIC FIF RL";"BB Asset";"BB ASSET RESP LIMITADA FIF CIC RENDA FIXA CRÉDITO PRIVADO LP";"0,0050";"2025-07-01";"2026-06-30";"252";"0,1279765522270964";"0,133616434988250";"0,147827452111371";"0,00500000000001610";"-1,72943240273268e-02";"-0,012380795647447762"
"Capitânia Premium 45 FIC de FIF RF CP LP RL";"Capitânia Premium 45";"CAPITÂNIA PREMIUM 45 RESP LIMITADA FIF CIC RENDA FIXA CRÉDITO PRIVADO LP";"0,0055";"2025-07-01";"2026-06-30";"252";"0,0807278377345875";"0,086671840842101";"0,147827452111371";"0,00549999999997608";"-5,84579278473933e-02";"-0,053279446450577250"
