"nome_xlsx";"nome_plot";"nome_quantum";"taxa_adm_aa";"primeira_data";"ultima_data";"n_obs";"ret_fundo_acum";"ret_cdi_acum";"janela";"meses";"cobertura_ok";"ret_fundo_aa";"ret_cdi_aa";"excesso_cdi_aa";"percentual_cdi"
"AF Invest Geraes 30 FIRF CP";"AF Invest Geraes 30";"AF INVEST GERAES 30 FIF RENDA FIXA";"0,0050";"2025-12-31";"2026-06-30";"123";"0,0591992141995581";"0,0690511803661034";"6 meses";"6";TRUE;"0,1219029753609613";"0,142870426242159";"-1,83463062826291e-02";"0,853241489980167"
"AF Invest Geraes 30 FIRF CP";"AF Invest Geraes 30";"AF INVEST GERAES 30 FIF RENDA FIXA";"0,0050";"2025-07-01";"2026-06-30";"252";"0,1365384065056798";"0,1478274521113714";"12 meses";"12";TRUE;"0,1365384065056798";"0,147827452111371";"-9,83514167127286e-03";"0,923633632018588"
"AF Invest Geraes 30 FIRF CP";"AF Invest Geraes 30";"AF INVEST GERAES 30 FIF RENDA FIXA";"0,0050";"2024-07-01";"2026-06-30";"503";"0,2929352616529937";"0,2870100168583818";"24 meses";"24";TRUE;"0,1370731118327413";"0,134464638875263";"2,29929860137723e-03";"1,019398951124225"
"AF Invest Geraes 30 FIRF CP";"AF Invest Geraes 30";"AF INVEST GERAES 30 FIF RENDA FIXA";"0,0050";"2023-07-03";"2026-06-30";"752";"0,4807317984241013";"0,4374821021799329";"36 meses";"36";TRUE;"0,1397916410072535";"0,128584674955896";"9,93010653081527e-03";"1,087156312019310"
"ARX Everest Advisory FIC de FIF RF CP RL";"ARX Everest Advisory";"ARX EVEREST ADVISORY RESP LIMITADA FIF CIC RENDA FIXA CRÉDITO PRIVADO";"0,0070";"2025-12-31";"2026-06-30";"123";"0,0648184468308570";"0,0690511803661034";"6 meses";"6";TRUE;"0,1338383247112787";"0,142870426242159";"-7,90299698328734e-03";"0,936781167604475"
"ARX Everest Advisory FIC de FIF RF CP RL";"ARX Everest Advisory";"ARX EVEREST ADVISORY RESP LIMITADA FIF CIC RENDA FIXA CRÉDITO PRIVADO";"0,0070";"2025-07-01";"2026-06-30";"252";"0,1455176127139881";"0,1478274521113714";"12 meses";"12";TRUE;"0,1455176127139881";"0,147827452111371";"-2,01235768767727e-03";"0,984374760138306"
"ARX Everest Advisory FIC de FIF RF CP RL";"ARX Everest Advisory";"ARX EVEREST ADVISORY RESP LIMITADA FIF CIC RENDA FIXA CRÉDITO PRIVADO";"0,0070";"2024-07-01";"2026-06-30";"503";"0,2988998030483361";"0,2870100168583818";"24 meses";"24";TRUE;"0,1396928546974119";"0,134464638875263";"4,60853132216799e-03";"1,038881715415146"
"ARX Everest Advisory FIC de FIF RF CP RL";"ARX Everest Advisory";"ARX EVEREST ADVISORY RESP LIMITADA FIF CIC RENDA FIXA CRÉDITO PRIVADO";"0,0070";"2023-07-03";"2026-06-30";"752";"0,4674211486341759";"0,4374821021799329";"36 meses";"36";TRUE;"0,1363660700713141";"0,128584674955896";"6,89482613763315e-03";"1,060515727228670"
"AZ Quest Altro Advisory FIC de FIF Multimercado CP";"AZ Quest Altro Advisory";"AZ QUEST ALTRO ADVISORY FIF CIC MULTIMERCADO CRÉDITO PRIVADO";"0,0080";"2025-12-31";"2026-06-30";"123";"0,0518384219616626";"0,0690511803661034";"6 meses";"6";TRUE;"0,1063640659148004";"0,142870426242159";"-3,19426940177233e-02";"0,744479236973214"
"AZ Quest Altro Advisory FIC de FIF Multimercado CP";"AZ Quest Altro Advisory";"AZ QUEST ALTRO ADVISORY FIF CIC MULTIMERCADO CRÉDITO PRIVADO";"0,0080";"2025-07-01";"2026-06-30";"252";"0,1346458252035951";"0,1478274521113714";"12 meses";"12";TRUE;"0,1346458252035951";"0,147827452111371";"-1,14839794810007e-02";"0,910830994382252"
"AZ Quest Altro Advisory FIC de FIF Multimercado CP";"AZ Quest Altro Advisory";"AZ QUEST ALTRO ADVISORY FIF CIC MULTIMERCADO CRÉDITO PRIVADO";"0,0080";"2024-07-01";"2026-06-30";"503";"0,2871534108523051";"0,2870100168583818";"24 meses";"24";TRUE;"0,1345278360852611";"0,134464638875263";"5,57066371502657e-05";"1,000469991296792"
"AZ Quest Altro Advisory FIC de FIF Multimercado CP";"AZ Quest Altro Advisory";"AZ QUEST ALTRO ADVISORY FIF CIC MULTIMERCADO CRÉDITO PRIVADO";"0,0080";"2023-07-03";"2026-06-30";"752";"0,5122954772923161";"0,4374821021799329";"36 meses";"36";TRUE;"0,1478334703659538";"0,128584674955896";"1,70556944792912e-02";"1,149697430247113"
"Absolute Creta Advisory FIF FIRF";"Absolute Creta Advisory";"ABSOLUTE CRETA ADVISORY FIF CIC RENDA FIXA";"0,0058";"2025-12-31";"2026-06-30";"123";"0,0644796446804610";"0,0690511803661034";"6 meses";"6";TRUE;"0,1331169139390405";"0,142870426242159";"-8,53422407226734e-03";"0,931731761711226"
"Absolute Creta Advisory FIF FIRF";"Absolute Creta Advisory";"ABSOLUTE CRETA ADVISORY FIF CIC RENDA FIXA";"0,0058";"2025-07-01";"2026-06-30";"252";"0,1423742234561587";"0,1478274521113714";"12 meses";"12";TRUE;"0,1423742234561587";"0,147827452111371";"-4,75091325371402e-03";"0,963110852704785"
"Absolute Creta Advisory FIF FIRF";"Absolute Creta Advisory";"ABSOLUTE CRETA ADVISORY FIF CIC RENDA FIXA";"0,0058";"2024-07-01";"2026-06-30";"503";"0,2974083986444989";"0,2870100168583818";"24 meses";"24";TRUE;"0,1390383657473961";"0,134464638875263";"4,03161695429066e-03";"1,034014346897369"
"Absolute Creta Advisory FIF FIRF";"Absolute Creta Advisory";"ABSOLUTE CRETA ADVISORY FIF CIC RENDA FIXA";"0,0058";"2023-07-03";"2026-06-30";"752";"0,4898764965597682";"0,4374821021799329";"36 meses";"36";TRUE;"0,1421332009807548";"0,128584674955896";"1,20048821550660e-02";"1,105366568990480"
"Arx Vinson Advisory FIC de FIF RF CP RL";"Arx Vinson Advisory";"ARX VINSON ADVISORY RESP LIMITADA FIF CIC RENDA FIXA CRÉDITO PRIVADO";"0,0050";"2025-12-31";"2026-06-30";"123";"0,0679479751114433";"0,0690511803661034";"6 meses";"6";TRUE;"0,1405128775446320";"0,142870426242159";"-2,06283113412831e-03";"0,983498693469767"
"Arx Vinson Advisory FIC de FIF RF CP RL";"Arx Vinson Advisory";"ARX VINSON ADVISORY RESP LIMITADA FIF CIC RENDA FIXA CRÉDITO PRIVADO";"0,0050";"2025-07-01";"2026-06-30";"252";"0,1484197118961217";"0,1478274521113714";"12 meses";"12";TRUE;"0,1484197118961217";"0,147827452111371";"5,15983289701705e-04";"1,004006426250952"
"Arx Vinson Advisory FIC de FIF RF CP RL";"Arx Vinson Advisory";"ARX VINSON ADVISORY RESP LIMITADA FIF CIC RENDA FIXA CRÉDITO PRIVADO";"0,0050";"2024-07-01";"2026-06-30";"503";"0,2997312570959620";"0,2870100168583818";"24 meses";"24";TRUE;"0,1400575674482241";"0,134464638875263";"4,93001578128149e-03";"1,041594047474064"
"Arx Vinson Advisory FIC de FIF RF CP RL";"Arx Vinson Advisory";"ARX VINSON ADVISORY RESP LIMITADA FIF CIC RENDA FIXA CRÉDITO PRIVADO";"0,0050";"2023-07-03";"2026-06-30";"752";"0,4807539985321165";"0,4374821021799329";"36 meses";"36";TRUE;"0,1397973371482018";"0,128584674955896";"9,93515368507358e-03";"1,087200610773809"
"Atena Yield D30 FIC de FIF RF CP RL";"Atena Yield D30";"ATENA YIELD D30 FIF CIC RENDA FIXA";"0,0085";"2025-12-31";"2026-06-30";"123";"0,0727723309206176";"0,0690511803661034";"6 meses";"6";TRUE;"0,1508404739888551";"0,142870426242159";"6,97371072318531e-03";"1,055785147117762"
"Atena Yield D30 FIC de FIF RF CP RL";"Atena Yield D30";"ATENA YIELD D30 FIF CIC RENDA FIXA";"0,0085";"2025-07-01";"2026-06-30";"252";"0,1545404991713497";"0,1478274521113714";"12 meses";"12";TRUE;"0,1545404991713497";"0,147827452111371";"5,84848101309121e-03";"1,045411369567006"
"Atena Yield D30 FIC de FIF RF CP RL";"Atena Yield D30";"ATENA YIELD D30 FIF CIC RENDA FIXA";"0,0085";"2024-07-01";"2026-06-30";"503";"0,2983255844479882";"0,2870100168583818";"24 meses";"24";TRUE;"0,1394409087126844";"0,134464638875263";"4,38644772776220e-03";"1,037008018457828"
"Atena Yield D30 FIC de FIF RF CP RL";"Atena Yield D30";"ATENA YIELD D30 FIF CIC RENDA FIXA";"0,0085";"2023-07-03";"2026-06-30";"752";"0,4655159038285037";"0,4374821021799329";"36 meses";"36";TRUE;"0,1358740519845933";"0,128584674955896";"6,45886586133426e-03";"1,056689314113036"
"Augme 30 Advisory CIC RF CP LP RL";"Augme 30 Advisory";"AUGME 30 ADVISORY FIF CIC RENDA FIXA";"0,0060";"2025-12-31";"2026-06-30";"123";"0,0650704392909218";"0,0690511803661034";"6 meses";"6";TRUE;"0,1343750406513571";"0,142870426242159";"-7,43337599410565e-03";"0,940537829876684"
"Augme 30 Advisory CIC RF CP LP RL";"Augme 30 Advisory";"AUGME 30 ADVISORY FIF CIC RENDA FIXA";"0,0060";"2025-07-01";"2026-06-30";"252";"0,1502629278600272";"0,1478274521113714";"12 meses";"12";TRUE;"0,1502629278600272";"0,147827452111371";"2,12181346959062e-03";"1,016475124977605"
"Augme 30 Advisory CIC RF CP LP RL";"Augme 30 Advisory";"AUGME 30 ADVISORY FIF CIC RENDA FIXA";"0,0060";"2024-07-01";"2026-06-30";"503";"0,2931237599406249";"0,2870100168583818";"24 meses";"24";TRUE;"0,1371559963086089";"0,134464638875263";"2,37235903272737e-03";"1,020015354637898"
"Augme 30 Advisory CIC RF CP LP RL";"Augme 30 Advisory";"AUGME 30 ADVISORY FIF CIC RENDA FIXA";"0,0060";"2023-07-03";"2026-06-30";"752";"0,4816947341744824";"0,4374821021799329";"36 meses";"36";TRUE;"0,1400386603731427";"0,128584674955896";"1,01489818809515e-02";"1,089077375831727"
"BB Asset RF CP LP FIC FIF RL";"BB Asset";"BB ASSET RESP LIMITADA FIF CIC RENDA FIXA CRÉDITO PRIVADO LP";"0,0050";"2025-12-31";"2026-06-30";"123";"0,0605413443026388";"0,0690511803661034";"6 meses";"6";TRUE;"0,1247479429752483";"0,142870426242159";"-1,58569885533731e-02";"0,873154411703134"
"BB Asset RF CP LP FIC FIF RL";"BB Asset";"BB ASSET RESP LIMITADA FIF CIC RENDA FIXA CRÉDITO PRIVADO LP";"0,0050";"2025-07-01";"2026-06-30";"252";"0,1279765522270964";"0,1478274521113714";"12 meses";"12";TRUE;"0,1279765522270964";"0,147827452111371";"-1,72943240273268e-02";"0,865715740880661"
"BB Asset RF CP LP FIC FIF RL";"BB Asset";"BB ASSET RESP LIMITADA FIF CIC RENDA FIXA CRÉDITO PRIVADO LP";"0,0050";"2024-07-01";"2026-06-30";"503";"0,2657851928834210";"0,2870100168583818";"24 meses";"24";TRUE;"0,1250711945843344";"0,134464638875263";"-8,28006794486080e-03";"0,930141899242053"
"BB Asset RF CP LP FIC FIF RL";"BB Asset";"BB ASSET RESP LIMITADA FIF CIC RENDA FIXA CRÉDITO PRIVADO LP";"0,0050";"2023-07-03";"2026-06-30";"752";"0,4367452498240678";"0,4374821021799329";"36 meses";"36";TRUE;"0,1283918047494119";"0,128584674955896";"-1,70895645460911e-04";"0,998500052929713"
"BNP Paribas Match Plus 30 Advisory FIF RF CP LP RL";"BNP Paribas Match Plus 30 Advisory";"BNP PARIBAS MATCH PLUS 30 ADVISORY RESP LIMITADA FIF CIC RENDA FIXA CRÉDITO PRIVADO LP";"0,0065";"2025-12-31";"2026-06-30";"123";"0,0685026237400939";"0,0690511803661034";"6 meses";"6";TRUE;"0,1416978569394647";"0,142870426242159";"-1,02598621485883e-03";"0,991792778018966"
"BNP Paribas Match Plus 30 Advisory FIF RF CP LP RL";"BNP Paribas Match Plus 30 Advisory";"BNP PARIBAS MATCH PLUS 30 ADVISORY RESP LIMITADA FIF CIC RENDA FIXA CRÉDITO PRIVADO LP";"0,0065";"2025-07-01";"2026-06-30";"252";"0,1490777652880038";"0,1478274521113714";"12 meses";"12";TRUE;"0,1490777652880038";"0,147827452111371";"1,08928669926178e-03";"1,008457922792922"
"BNP Paribas Match Plus 30 Advisory FIF RF CP LP RL";"BNP Paribas Match Plus 30 Advisory";"BNP PARIBAS MATCH PLUS 30 ADVISORY RESP LIMITADA FIF CIC RENDA FIXA CRÉDITO PRIVADO LP";"0,0065";"2024-07-01";"2026-06-30";"503";"0,2966008885388118";"0,2870100168583818";"24 meses";"24";TRUE;"0,1386838404661812";"0,134464638875263";"3,71911247502688e-03";"1,031377778025579"
"BNP Paribas Match Plus 30 Advisory FIF RF CP LP RL";"BNP Paribas Match Plus 30 Advisory";"BNP PARIBAS MATCH PLUS 30 ADVISORY RESP LIMITADA FIF CIC RENDA FIXA CRÉDITO PRIVADO LP";"0,0065";"2023-07-03";"2026-06-30";"752";"0,4707703311197553";"0,4374821021799329";"36 meses";"36";TRUE;"0,1372299451156918";"0,128584674955896";"7,66027605339747e-03";"1,067234063178689"
"BNP Paribas Rubi FIF RF CP RL";"BNP Paribas Rubi";"BNP PARIBAS RUBI RESP LIMITADA FIF CIC RENDA FIXA CRÉDITO PRIVADO";"0,0040";"2025-12-31";"2026-06-30";"123";"0,0700380812096641";"0,0690511803661034";"6 meses";"6";TRUE;"0,1449814952388597";"0,142870426242159";"1,84716390259765e-03";"1,014776109039687"
"BNP Paribas Rubi FIF RF CP RL";"BNP Paribas Rubi";"BNP PARIBAS RUBI RESP LIMITADA FIF CIC RENDA FIXA CRÉDITO PRIVADO";"0,0040";"2025-07-01";"2026-06-30";"252";"0,1513259957683293";"0,1478274521113714";"12 meses";"12";TRUE;"0,1513259957683293";"0,147827452111371";"3,04797001546042e-03";"1,023666400299737"
"BNP Paribas Rubi FIF RF CP RL";"BNP Paribas Rubi";"BNP PARIBAS RUBI RESP LIMITADA FIF CIC RENDA FIXA CRÉDITO PRIVADO";"0,0040";"2024-07-01";"2026-06-30";"503";"0,3012096304982150";"0,2870100168583818";"24 meses";"24";TRUE;"0,1407057598251247";"0,134464638875263";"5,50137988967991e-03";"1,046414589010653"
"BNP Paribas Rubi FIF RF CP RL";"BNP Paribas Rubi";"BNP PARIBAS RUBI RESP LIMITADA FIF CIC RENDA FIXA CRÉDITO PRIVADO";"0,0040";"2023-07-03";"2026-06-30";"752";"0,4729702013517094";"0,4374821021799329";"36 meses";"36";TRUE;"0,1377966576676648";"0,128584674955896";"8,16242052208338e-03";"1,071641373397947"
"BOCOM BBM Corporate Credit Plus FIF CIC MULT CP RL";"BOCOM BBM Corporate Credit Plus MULT";"BOCOM BBM CORPORATE CREDIT PLUS RESP LIMITADA FIF CIC MULTIMERCADO CRÉDITO PRIVADO";"0,0090";"2025-12-31";"2026-06-30";"123";"0,0699138766139837";"0,0690511803661034";"6 meses";"6";TRUE;"0,1447157033711628";"0,142870426242159";"1,61459872145908e-03";"1,012915738949894"
"BOCOM BBM Corporate Credit Plus FIF CIC MULT CP RL";"BOCOM BBM Corporate Credit Plus MULT";"BOCOM BBM CORPORATE CREDIT PLUS RESP LIMITADA FIF CIC MULTIMERCADO CRÉDITO PRIVADO";"0,0090";"2025-07-01";"2026-06-30";"252";"0,1531379735812710";"0,1478274521113714";"12 meses";"12";TRUE;"0,1531379735812710";"0,147827452111371";"4,62658517195358e-03";"1,035923784074278"
"BOCOM BBM Corporate Credit Plus FIF CIC MULT CP RL";"BOCOM BBM Corporate Credit Plus MULT";"BOCOM BBM CORPORATE CREDIT PLUS RESP LIMITADA FIF CIC MULTIMERCADO CRÉDITO PRIVADO";"0,0090";"2024-07-01";"2026-06-30";"503";"0,3080755418690757";"0,2870100168583818";"24 meses";"24";TRUE;"0,1437113018017597";"0,134464638875263";"8,15068412856279e-03";"1,068766502508321"
"BOCOM BBM Corporate Credit Plus FIF CIC MULT CP RL";"BOCOM BBM Corporate Credit Plus MULT";"BOCOM BBM CORPORATE CREDIT PLUS RESP LIMITADA FIF CIC MULTIMERCADO CRÉDITO PRIVADO";"0,0090";"2023-07-03";"2026-06-30";"752";"0,4853934558770863";"0,4374821021799329";"36 meses";"36";TRUE;"0,1409864898692252";"0,128584674955896";"1,09888209440856e-02";"1,096448623582734"
"BTG Pactual Crédito Corporativo I FIF em Cotas de FIRF";"BTG Pactual Crédito Corporativo I";"BTG PACTUAL CRÉDITO CORPORATIVO I FIF CIC RENDA FIXA";"0,0050";"2025-12-31";"2026-06-30";"123";"0,0715757032835764";"0,0690511803661034";"6 meses";"6";TRUE;"0,1482744878676914";"0,142870426242159";"4,72849896317773e-03";"1,037824914278430"
"BTG Pactual Crédito Corporativo I FIF em Cotas de FIRF";"BTG Pactual Crédito Corporativo I";"BTG PACTUAL CRÉDITO CORPORATIVO I FIF CIC RENDA FIXA";"0,0050";"2025-07-01";"2026-06-30";"252";"0,1468546357318881";"0,1478274521113714";"12 meses";"12";TRUE;"0,1468546357318881";"0,147827452111371";"-8,47528413520537e-04";"0,993419244087692"
"BTG Pactual Crédito Corporativo I FIF em Cotas de FIRF";"BTG Pactual Crédito Corporativo I";"BTG PACTUAL CRÉDITO CORPORATIVO I FIF CIC RENDA FIXA";"0,0050";"2024-07-01";"2026-06-30";"503";"0,2971384271718858";"0,2870100168583818";"24 meses";"24";TRUE;"0,1389198510746426";"0,134464638875263";"3,92714946478723e-03";"1,033132965191778"
"BTG Pactual Crédito Corporativo I FIF em Cotas de FIRF";"BTG Pactual Crédito Corporativo I";"BTG PACTUAL CRÉDITO CORPORATIVO I FIF CIC RENDA FIXA";"0,0050";"2023-07-03";"2026-06-30";"752";"0,5051664940000646";"0,4374821021799329";"36 meses";"36";TRUE;"0,1460269941366819";"0,128584674955896";"1,54550381268181e-02";"1,135648506999521"
"Bocom BBM Corporate Credit II FIF RF CP RL";"Bocom BBM Corporate Credit II";"BOCOM BBM CORPORATE CREDIT II RESP LIMITADA FIF CIC RENDA FIXA CRÉDITO PRIVADO";"0,0060";"2025-12-31";"2026-06-30";"123";"0,0700646244435796";"0,0690511803661034";"6 meses";"6";TRUE;"0,1450383004855791";"0,142870426242159";"1,89686791576915e-03";"1,015173708796429"
"Bocom BBM Corporate Credit II FIF RF CP RL";"Bocom BBM Corporate Credit II";"BOCOM BBM CORPORATE CREDIT II RESP LIMITADA FIF CIC RENDA FIXA CRÉDITO PRIVADO";"0,0060";"2025-07-01";"2026-06-30";"252";"0,1506753577582980";"0,1478274521113714";"12 meses";"12";TRUE;"0,1506753577582980";"0,147827452111371";"2,48112696876879e-03";"1,019265066171749"
"Bocom BBM Corporate Credit II FIF RF CP RL";"Bocom BBM Corporate Credit II";"BOCOM BBM CORPORATE CREDIT II RESP LIMITADA FIF CIC RENDA FIXA CRÉDITO PRIVADO";"0,0060";"2024-07-01";"2026-06-30";"503";"0,2999990519645330";"0,2870100168583818";"24 meses";"24";TRUE;"0,1401750093580076";"0,134464638875263";"5,03353765914261e-03";"1,042467451149305"
"Bocom BBM Corporate Credit II FIF RF CP RL";"Bocom BBM Corporate Credit II";"BOCOM BBM CORPORATE CREDIT II RESP LIMITADA FIF CIC RENDA FIXA CRÉDITO PRIVADO";"0,0060";"2023-07-03";"2026-06-30";"752";"0,4813233279962970";"0,4374821021799329";"36 meses";"36";TRUE;"0,1399433972091984";"0,128584674955896";"1,00645724732584e-02";"1,088336516441003"
"Capitânia Premium 45 FIC de FIF RF CP LP RL";"Capitânia Premium 45";"CAPITÂNIA PREMIUM 45 RESP LIMITADA FIF CIC RENDA FIXA CRÉDITO PRIVADO LP";"0,0055";"2025-12-31";"2026-06-30";"123";"0,0173395746219931";"0,0690511803661034";"6 meses";"6";TRUE;"0,0349798100920578";"0,142870426242159";"-9,44031918866368e-02";"0,244835904897271"
"Capitânia Premium 45 FIC de FIF RF CP LP RL";"Capitânia Premium 45";"CAPITÂNIA PREMIUM 45 RESP LIMITADA FIF CIC RENDA FIXA CRÉDITO PRIVADO LP";"0,0055";"2025-07-01";"2026-06-30";"252";"0,0807278377345875";"0,1478274521113714";"12 meses";"12";TRUE;"0,0807278377345875";"0,147827452111371";"-5,84579278473933e-02";"0,546095035675567"
"Capitânia Premium 45 FIC de FIF RF CP LP RL";"Capitânia Premium 45";"CAPITÂNIA PREMIUM 45 RESP LIMITADA FIF CIC RENDA FIXA CRÉDITO PRIVADO LP";"0,0055";"2024-07-01";"2026-06-30";"503";"0,1949704224918460";"0,2870100168583818";"24 meses";"24";TRUE;"0,0931470269327206";"0,134464638875263";"-3,64203612229873e-02";"0,692725074129926"
"Capitânia Premium 45 FIC de FIF RF CP LP RL";"Capitânia Premium 45";"CAPITÂNIA PREMIUM 45 RESP LIMITADA FIF CIC RENDA FIXA CRÉDITO PRIVADO LP";"0,0055";"2023-07-03";"2026-06-30";"752";"0,3360436277331162";"0,4374821021799329";"36 meses";"36";TRUE;"0,1013876778008249";"0,128584674955896";"-2,40983222248111e-02";"0,788489591279836"
"Compass Yield 30 FIF RF CP LP RL";"Compass Yield 30";"COMPASS YIELD 30 FIF RENDA FIXA";"0,0060";"2025-12-31";"2026-06-30";"123";"0,0769064512016888";"0,0690511803661034";"6 meses";"6";TRUE;"0,1597275046398154";"0,142870426242159";"1,47497721619099e-02";"1,117988577769653"
"Compass Yield 30 FIF RF CP LP RL";"Compass Yield 30";"COMPASS YIELD 30 FIF RENDA FIXA";"0,0060";"2025-07-01";"2026-06-30";"252";"0,1522423875951673";"0,1478274521113714";"12 meses";"12";TRUE;"0,1522423875951673";"0,147827452111371";"3,84634073324763e-03";"1,029865464233732"
"Compass Yield 30 FIF RF CP LP RL";"Compass Yield 30";"COMPASS YIELD 30 FIF RENDA FIXA";"0,0060";"2024-07-01";"2026-06-30";"503";"0,3053571168962952";"0,2870100168583818";"24 meses";"24";TRUE;"0,1425222610068897";"0,134464638875263";"7,10257671813785e-03";"1,059923725665161"
"Compass Yield 30 FIF RF CP LP RL";"Compass Yield 30";"COMPASS YIELD 30 FIF RENDA FIXA";"0,0060";"2023-07-03";"2026-06-30";"752";"0,5107421904182206";"0,4374821021799329";"36 meses";"36";TRUE;"0,1474403537534346";"0,128584674955896";"1,67073673920617e-02";"1,146640171575704"
"Daycoval Classic 30 FIRF CP";"Daycoval Classic 30";"DAYCOVAL CLASSIC 30 FIF";"0,0040";"2025-12-31";"2026-06-30";"123";"0,0718516413102557";"0,0690511803661034";"6 meses";"6";TRUE;"0,1488659409794890";"0,142870426242159";"5,24601442093831e-03";"1,041964701128335"
"Daycoval Classic 30 FIRF CP";"Daycoval Classic 30";"DAYCOVAL CLASSIC 30 FIF";"0,0040";"2025-07-01";"2026-06-30";"252";"0,1522656378571032";"0,1478274521113714";"12 meses";"12";TRUE;"0,1522656378571032";"0,147827452111371";"3,86659661917643e-03";"1,030022743964958"
"Daycoval Classic 30 FIRF CP";"Daycoval Classic 30";"DAYCOVAL CLASSIC 30 FIF";"0,0040";"2024-07-01";"2026-06-30";"503";"0,3005506536629874";"0,2870100168583818";"24 meses";"24";TRUE;"0,1404168771387888";"0,134464638875263";"5,24673758842464e-03";"1,044266197517155"
"Daycoval Classic 30 FIRF CP";"Daycoval Classic 30";"DAYCOVAL CLASSIC 30 FIF";"0,0040";"2023-07-03";"2026-06-30";"752";"0,4867235948590305";"0,4374821021799329";"36 meses";"36";TRUE;"0,1413269648262390";"0,128584674955896";"1,12905040739111e-02";"1,099096489334469"
"Ibiuna Credit FIF CIC Multimercado CP RL";"Ibiuna Credit";"IBIUNA CREDIT RESP LIMITADA FIF CIC MULTIMERCADO CRÉDITO PRIVADO";"0,0076";"2025-12-31";"2026-06-30";"123";"0,0697910369292332";"0,0690511803661034";"6 meses";"6";TRUE;"0,1444528626941239";"0,142870426242159";"1,38461580213267e-03";"1,011076025273998"
"Ibiuna Credit FIF CIC Multimercado CP RL";"Ibiuna Credit";"IBIUNA CREDIT RESP LIMITADA FIF CIC MULTIMERCADO CRÉDITO PRIVADO";"0,0076";"2025-07-01";"2026-06-30";"252";"0,1547894924734725";"0,1478274521113714";"12 meses";"12";TRUE;"0,1547894924734725";"0,147827452111371";"6,06540673800304e-03";"1,047095720467779"
"Ibiuna Credit FIF CIC Multimercado CP RL";"Ibiuna Credit";"IBIUNA CREDIT RESP LIMITADA FIF CIC MULTIMERCADO CRÉDITO PRIVADO";"0,0076";"2024-07-01";"2026-06-30";"503";"0,3010503251306078";"0,2870100168583818";"24 meses";"24";TRUE;"0,1406359301418696";"0,134464638875263";"5,43982690612954e-03";"1,045895272677086"
"Ibiuna Credit FIF CIC Multimercado CP RL";"Ibiuna Credit";"IBIUNA CREDIT RESP LIMITADA FIF CIC MULTIMERCADO CRÉDITO PRIVADO";"0,0076";"2023-07-03";"2026-06-30";"752";"0,4791817168787198";"0,4374821021799329";"36 meses";"36";TRUE;"0,1393937776322196";"0,128584674955896";"9,57757350085053e-03";"1,084062137887203"
"Integral FIRF CP";"Integral";"INTEGRAL FIF RENDA FIXA";"0,0075";"2025-12-31";"2026-06-30";"123";"0,0721980142453937";"0,0690511803661034";"6 meses";"6";TRUE;"0,1496085817517656";"0,142870426242159";"5,89581754404311e-03";"1,047162703204831"
"Integral FIRF CP";"Integral";"INTEGRAL FIF RENDA FIXA";"0,0075";"2025-07-01";"2026-06-30";"252";"0,1523601894215112";"0,1478274521113714";"12 meses";"12";TRUE;"0,1523601894215112";"0,147827452111371";"3,94897099019720e-03";"1,030662351582201"
"Integral FIRF CP";"Integral";"INTEGRAL FIF RENDA FIXA";"0,0075";"2024-07-01";"2026-06-30";"503";"0,2968235839991609";"0,2870100168583818";"24 meses";"24";TRUE;"0,1387816226121499";"0,134464638875263";"3,80530480100849e-03";"1,032104974013957"
"Integral FIRF CP";"Integral";"INTEGRAL FIF RENDA FIXA";"0,0075";"2023-07-03";"2026-06-30";"752";"0,4827307540570764";"0,4374821021799329";"36 meses";"36";TRUE;"0,1403043083319786";"0,128584674955896";"1,03843633855303e-02";"1,091143313774387"
"Inter Premium FIF RF CP LP RL";"Inter Premium";"INTER PREMIUM RESP LIMITADA FIF RENDA FIXA CRÉDITO PRIVADO LP";"0,0060";"2025-12-31";"2026-06-30";"123";"0,0647036793638871";"0,0690511803661034";"6 meses";"6";TRUE;"0,1335939248509990";"0,142870426242159";"-8,11684437549209e-03";"0,935070527644141"
"Inter Premium FIF RF CP LP RL";"Inter Premium";"INTER PREMIUM RESP LIMITADA FIF RENDA FIXA CRÉDITO PRIVADO LP";"0,0060";"2025-07-01";"2026-06-30";"252";"0,1405947748536609";"0,1478274521113714";"12 meses";"12";TRUE;"0,1405947748536609";"0,147827452111371";"-6,30118860148043e-03";"0,951073517439363"
"Inter Premium FIF RF CP LP RL";"Inter Premium";"INTER PREMIUM RESP LIMITADA FIF RENDA FIXA CRÉDITO PRIVADO LP";"0,0060";"2024-07-01";"2026-06-30";"503";"0,2885463139922249";"0,2870100168583818";"24 meses";"24";TRUE;"0,1351415391889352";"0,134464638875263";"5,96669380848125e-04";"1,005034039576008"
"Inter Premium FIF RF CP LP RL";"Inter Premium";"INTER PREMIUM RESP LIMITADA FIF RENDA FIXA CRÉDITO PRIVADO LP";"0,0060";"2023-07-03";"2026-06-30";"752";"0,4693193108260634";"0,4374821021799329";"36 meses";"36";TRUE;"0,1368558357905028";"0,128584674955896";"7,32879066865766e-03";"1,064324623734857"
"Iridium Titan Advisory FIC em FIF RF CP RL";"Iridium Titan Advisory";"IRIDIUM TITAN ADVISORY RESP LIMITADA FIF CIC RENDA FIXA CRÉDITO PRIVADO";"0,0060";"2025-12-31";"2026-06-30";"123";"0,0663898504157414";"0,0690511803661034";"6 meses";"6";TRUE;"0,1371873130697074";"0,142870426242159";"-4,97266622878501e-03";"0,960221906506957"
"Iridium Titan Advisory FIC em FIF RF CP RL";"Iridium Titan Advisory";"IRIDIUM TITAN ADVISORY RESP LIMITADA FIF CIC RENDA FIXA CRÉDITO PRIVADO";"0,0060";"2025-07-01";"2026-06-30";"252";"0,1477960766667255";"0,1478274521113714";"12 meses";"12";TRUE;"0,1477960766667255";"0,147827452111371";"-2,73346351737924e-05";"0,999787756305085"
"Iridium Titan Advisory FIC em FIF RF CP RL";"Iridium Titan Advisory";"IRIDIUM TITAN ADVISORY RESP LIMITADA FIF CIC RENDA FIXA CRÉDITO PRIVADO";"0,0060";"2024-07-01";"2026-06-30";"503";"0,2996092976564171";"0,2870100168583818";"24 meses";"24";TRUE;"0,1400040779121876";"0,134464638875263";"4,88286619706035e-03";"1,041196251172494"
"Iridium Titan Advisory FIC em FIF RF CP RL";"Iridium Titan Advisory";"IRIDIUM TITAN ADVISORY RESP LIMITADA FIF CIC RENDA FIXA CRÉDITO PRIVADO";"0,0060";"2023-07-03";"2026-06-30";"752";"0,4816547365121695";"0,4374821021799329";"36 meses";"36";TRUE;"0,1400284020091620";"0,128584674955896";"1,01398922980356e-02";"1,088997596775753"
"JGP Corporate FIC de FIF RF CP LP FEEDER II RL";"JGP Corporate FEEDER II";"JGP CORPORATE FEEDER III RESP LIMITADA FIF CIC RENDA FIXA CRÉDITO PRIVADO LP";"0,0060";"2025-12-31";"2026-06-30";"123";"0,0734841764495335";"0,0690511803661034";"6 meses";"6";TRUE;"0,1523682770875332";"0,142870426242159";"8,31052289681145e-03";"1,066478774475522"
"JGP Corporate FIC de FIF RF CP LP FEEDER II RL";"JGP Corporate FEEDER II";"JGP CORPORATE FEEDER III RESP LIMITADA FIF CIC RENDA FIXA CRÉDITO PRIVADO LP";"0,0060";"2025-07-01";"2026-06-30";"252";"0,1486604214204450";"0,1478274521113714";"12 meses";"12";TRUE;"0,1486604214204450";"0,147827452111371";"7,25692095568276e-04";"1,005634740348809"
"JGP Corporate FIC de FIF RF CP LP FEEDER II RL";"JGP Corporate FEEDER II";"JGP CORPORATE FEEDER III RESP LIMITADA FIF CIC RENDA FIXA CRÉDITO PRIVADO LP";"0,0060";"2024-07-01";"2026-06-30";"503";"0,2982983763982889";"0,2870100168583818";"24 meses";"24";TRUE;"0,1394289694396440";"0,134464638875263";"4,37592358039662e-03";"1,036919227284622"
"JGP Corporate FIC de FIF RF CP LP FEEDER II RL";"JGP Corporate FEEDER II";"JGP CORPORATE FEEDER III RESP LIMITADA FIF CIC RENDA FIXA CRÉDITO PRIVADO LP";"0,0060";"2023-07-03";"2026-06-30";"752";"0,4922320330479957";"0,4374821021799329";"36 meses";"36";TRUE;"0,1427347989089833";"0,128584674955896";"1,25379373538281e-02";"1,110045181962321"
"JGP Crédito Advisory FIF Multimercado CP RL";"JGP Crédito Advisory";"JGP CRÉDITO ADVISORY RESP LIMITADA FIF MULTIMERCADO CRÉDITO PRIVADO";"0,0110";"2025-12-31";"2026-06-30";"123";"0,0698226329093414";"0,0690511803661034";"6 meses";"6";TRUE;"0,1445204658850756";"0,142870426242159";"1,44376790669254e-03";"1,011549203612789"
"JGP Crédito Advisory FIF Multimercado CP RL";"JGP Crédito Advisory";"JGP CRÉDITO ADVISORY RESP LIMITADA FIF MULTIMERCADO CRÉDITO PRIVADO";"0,0110";"2025-07-01";"2026-06-30";"252";"0,1546462394095347";"0,1478274521113714";"12 meses";"12";TRUE;"0,1546462394095347";"0,147827452111371";"5,94060308073363e-03";"1,046126664572600"
"JGP Crédito Advisory FIF Multimercado CP RL";"JGP Crédito Advisory";"JGP CRÉDITO ADVISORY RESP LIMITADA FIF MULTIMERCADO CRÉDITO PRIVADO";"0,0110";"2024-07-01";"2026-06-30";"503";"0,3068322303580018";"0,2870100168583818";"24 meses";"24";TRUE;"0,1431676300341966";"0,134464638875263";"7,67145211997233e-03";"1,064723270234686"
"JGP Crédito Advisory FIF Multimercado CP RL";"JGP Crédito Advisory";"JGP CRÉDITO ADVISORY RESP LIMITADA FIF MULTIMERCADO CRÉDITO PRIVADO";"0,0110";"2023-07-03";"2026-06-30";"752";"0,5081356614788448";"0,4374821021799329";"36 meses";"36";TRUE;"0,1467800694203651";"0,128584674955896";"1,61223121917549e-02";"1,141505155810443"
"Mag High Grade Plus 30 FIF RF CP LP RL";"Mag High Grade Plus 30";"MAG HIGH GRADE PLUS 30 RESP LIMITADA FIF RENDA FIXA CRÉDITO PRIVADO LP";"0,0064";"2025-12-31";"2026-06-30";"123";"0,0705869041535883";"0,0690511803661034";"6 meses";"6";TRUE;"0,1461563193451643";"0,142870426242159";"2,87512304768400e-03";"1,022999113178509"
"Mag High Grade Plus 30 FIF RF CP LP RL";"Mag High Grade Plus 30";"MAG HIGH GRADE PLUS 30 RESP LIMITADA FIF RENDA FIXA CRÉDITO PRIVADO LP";"0,0064";"2025-07-01";"2026-06-30";"252";"0,1515284518246953";"0,1478274521113714";"12 meses";"12";TRUE;"0,1515284518246953";"0,147827452111371";"3,22435197600135e-03";"1,025035943327601"
"Mag High Grade Plus 30 FIF RF CP LP RL";"Mag High Grade Plus 30";"MAG HIGH GRADE PLUS 30 RESP LIMITADA FIF RENDA FIXA CRÉDITO PRIVADO LP";"0,0064";"2024-07-01";"2026-06-30";"503";"0,2992842670758398";"0,2870100168583818";"24 meses";"24";TRUE;"0,1398615122355171";"0,134464638875263";"4,75719839589206e-03";"1,040136004568904"
"Mag High Grade Plus 30 FIF RF CP LP RL";"Mag High Grade Plus 30";"MAG HIGH GRADE PLUS 30 RESP LIMITADA FIF RENDA FIXA CRÉDITO PRIVADO LP";"0,0064";"2023-07-03";"2026-06-30";"752";"0,4469346056439008";"0,4374821021799329";"36 meses";"36";TRUE;"0,1310530308803206";"0,128584674955896";"2,18712514816044e-03";"1,019196346106341"
"Novus Crédito FIM CP LP";"Novus Crédito";"NOVUS CRÉDITO HIGH GRADE FI MULTIMERCADO LP";"0,0070";"2025-12-31";"2026-06-30";"123";"0,0686681414873564";"0,0690511803661034";"6 meses";"6";TRUE;"0,1420515966300404";"0,142870426242159";"-7,16467583128155e-04";"0,994268725630239"
"Novus Crédito FIM CP LP";"Novus Crédito";"NOVUS CRÉDITO HIGH GRADE FI MULTIMERCADO LP";"0,0070";"2025-07-01";"2026-06-30";"252";"0,1498161248228336";"0,1478274521113714";"12 meses";"12";TRUE;"0,1498161248228336";"0,147827452111371";"1,73255371075509e-03";"1,013452661755706"
"Novus Crédito FIM CP LP";"Novus Crédito";"NOVUS CRÉDITO HIGH GRADE FI MULTIMERCADO LP";"0,0070";"2024-07-01";"2026-06-30";"503";"0,2970486938515784";"0,2870100168583818";"24 meses";"24";TRUE;"0,1388804563480657";"0,134464638875263";"3,89242407518342e-03";"1,032839990571042"
"Novus Crédito FIM CP LP";"Novus Crédito";"NOVUS CRÉDITO HIGH GRADE FI MULTIMERCADO LP";"0,0070";"2023-07-03";"2026-06-30";"752";"0,5008489364071895";"0,4374821021799329";"36 meses";"36";TRUE;"0,1449301550696391";"0,128584674955896";"1,44831668163330e-02";"1,127118415311542"
"Occam Crédito Corporativo 30 FIC FIF RF CP LP RL";"Occam Crédito Corporativo 30";"OCCAM CRÉDITO CORPORATIVO 30 RESP LIMITADA FIF CIC RENDA FIXA";"0,0060";"2025-12-31";"2026-06-30";"123";"0,0698965570187760";"0,0690511803661034";"6 meses";"6";TRUE;"0,1446786427206308";"0,142870426242159";"1,58217102914926e-03";"1,012656338516181"
"Occam Crédito Corporativo 30 FIC FIF RF CP LP RL";"Occam Crédito Corporativo 30";"OCCAM CRÉDITO CORPORATIVO 30 RESP LIMITADA FIF CIC RENDA FIXA";"0,0060";"2025-07-01";"2026-06-30";"252";"0,1495352029866792";"0,1478274521113714";"12 meses";"12";TRUE;"0,1495352029866792";"0,147827452111371";"1,48781149306587e-03";"1,011552325707550"
"Occam Crédito Corporativo 30 FIC FIF RF CP LP RL";"Occam Crédito Corporativo 30";"OCCAM CRÉDITO CORPORATIVO 30 RESP LIMITADA FIF CIC RENDA FIXA";"0,0060";"2024-07-01";"2026-06-30";"503";"0,2963874539078071";"0,2870100168583818";"24 meses";"24";TRUE;"0,1385901167267380";"0,134464638875263";"3,63649752500428e-03";"1,030680763998493"
"Occam Crédito Corporativo 30 FIC FIF RF CP LP RL";"Occam Crédito Corporativo 30";"OCCAM CRÉDITO CORPORATIVO 30 RESP LIMITADA FIF CIC RENDA FIXA";"0,0060";"2023-07-03";"2026-06-30";"752";"0,4852617908959402";"0,4374821021799329";"36 meses";"36";TRUE;"0,1409527766010836";"0,128584674955896";"1,09589487786295e-02";"1,096186436287450"
"Plural Crédito Corporativo II FIC de FIF RF CP LP RL";"Plural Crédito Corporativo II";"PLURAL CRÉDITO CORPORATIVO II RESP LIMITADA FIF CIC RENDA FIXA CRÉDITO PRIVADO LP";"0,0050";"2025-12-31";"2026-06-30";"123";"0,0678593904467601";"0,0690511803661034";"6 meses";"6";TRUE;"0,1403236777653261";"0,142870426242159";"-2,22837901686423e-03";"0,982174418150638"
"Plural Crédito Corporativo II FIC de FIF RF CP LP RL";"Plural Crédito Corporativo II";"PLURAL CRÉDITO CORPORATIVO II RESP LIMITADA FIF CIC RENDA FIXA CRÉDITO PRIVADO LP";"0,0050";"2025-07-01";"2026-06-30";"252";"0,1450663860641002";"0,1478274521113714";"12 meses";"12";TRUE;"0,1450663860641002";"0,147827452111371";"-2,40547134692792e-03";"0,981322372753938"
"Plural Crédito Corporativo II FIC de FIF RF CP LP RL";"Plural Crédito Corporativo II";"PLURAL CRÉDITO CORPORATIVO II RESP LIMITADA FIF CIC RENDA FIXA CRÉDITO PRIVADO LP";"0,0050";"2024-07-01";"2026-06-30";"503";"0,2884235475707917";"0,2870100168583818";"24 meses";"24";TRUE;"0,1350874625203080";"0,134464638875263";"5,49002255074260e-04";"1,004631876828393"
"Plural Crédito Corporativo II FIC de FIF RF CP LP RL";"Plural Crédito Corporativo II";"PLURAL CRÉDITO CORPORATIVO II RESP LIMITADA FIF CIC RENDA FIXA CRÉDITO PRIVADO LP";"0,0050";"2023-07-03";"2026-06-30";"752";"0,4681251282804364";"0,4374821021799329";"36 meses";"36";TRUE;"0,1365477608539942";"0,128584674955896";"7,05581608080008e-03";"1,061928732182351"
"Polo Crédito Corporativo Advisory FIC FIF RF CP LP RL";"Polo Crédito Corporativo Advisory";"POLO CRÉDITO CORPORATIVO ADVISORY RESP LIMITADA FIF CIC RENDA FIXA CRÉDITO PRIVADO LP";"0,0050";"2025-12-31";"2026-06-30";"123";"0,0654209194783488";"0,0690511803661034";"6 meses";"6";TRUE;"0,1351217356620902";"0,142870426242159";"-6,78002545358269e-03";"0,945764208983775"
"Polo Crédito Corporativo Advisory FIC FIF RF CP LP RL";"Polo Crédito Corporativo Advisory";"POLO CRÉDITO CORPORATIVO ADVISORY RESP LIMITADA FIF CIC RENDA FIXA CRÉDITO PRIVADO LP";"0,0050";"2025-07-01";"2026-06-30";"252";"0,1468013924584342";"0,1478274521113714";"12 meses";"12";TRUE;"0,1468013924584342";"0,147827452111371";"-8,93914543557806e-04";"0,993059072328702"
"Polo Crédito Corporativo Advisory FIC FIF RF CP LP RL";"Polo Crédito Corporativo Advisory";"POLO CRÉDITO CORPORATIVO ADVISORY RESP LIMITADA FIF CIC RENDA FIXA CRÉDITO PRIVADO LP";"0,0050";"2024-07-01";"2026-06-30";"503";"0,2985623031938807";"0,2870100168583818";"24 meses";"24";TRUE;"0,1395447789331847";"0,134464638875263";"4,47800652734132e-03";"1,037780490844391"
"Polo Crédito Corporativo Advisory FIC FIF RF CP LP RL";"Polo Crédito Corporativo Advisory";"POLO CRÉDITO CORPORATIVO ADVISORY RESP LIMITADA FIF CIC RENDA FIXA CRÉDITO PRIVADO LP";"0,0050";"2023-07-03";"2026-06-30";"752";"0,4893961866447232";"0,4374821021799329";"36 meses";"36";TRUE;"0,1420104532534152";"0,128584674955896";"1,18961196226097e-02";"1,104411962795134"
"Porto Seguro Ipê RF FIC FI CP LP";"Porto Seguro Ipê";"PORTO SEGURO IPÊ RESP LIMITADA FIF CIC RENDA FIXA CRÉDITO PRIVADO LP";"0,0050";"2025-12-31";"2026-06-30";"123";"0,0679209549527358";"0,0690511803661034";"6 meses";"6";TRUE;"0,1404551660271631";"0,142870426242159";"-2,11332812498910e-03";"0,983094750407603"
"Porto Seguro Ipê RF FIC FI CP LP";"Porto Seguro Ipê";"PORTO SEGURO IPÊ RESP LIMITADA FIF CIC RENDA FIXA CRÉDITO PRIVADO LP";"0,0050";"2025-07-01";"2026-06-30";"252";"0,1478138699143356";"0,1478274521113714";"12 meses";"12";TRUE;"0,1478138699143356";"0,147827452111371";"-1,18329606167977e-05";"0,999908121280305"
"Porto Seguro Ipê RF FIC FI CP LP";"Porto Seguro Ipê";"PORTO SEGURO IPÊ RESP LIMITADA FIF CIC RENDA FIXA CRÉDITO PRIVADO LP";"0,0050";"2024-07-01";"2026-06-30";"503";"0,2967425427270471";"0,2870100168583818";"24 meses";"24";TRUE;"0,1387460396098188";"0,134464638875263";"3,77393934358339e-03";"1,031840346803199"
"Porto Seguro Ipê RF FIC FI CP LP";"Porto Seguro Ipê";"PORTO SEGURO IPÊ RESP LIMITADA FIF CIC RENDA FIXA CRÉDITO PRIVADO LP";"0,0050";"2023-07-03";"2026-06-30";"752";"0,4869933447988084";"0,4374821021799329";"36 meses";"36";TRUE;"0,1413959878024218";"0,128584674955896";"1,13516629552202e-02";"1,099633279400676"
"Principal Claritas FIF RF";"Principal Claritas";"PRINCIPAL CLARITAS FIF RENDA FIXA";"0,0050";"2025-12-31";"2026-06-30";"123";"0,0719538538805222";"0,0690511803661034";"6 meses";"6";TRUE;"0,1490850648493041";"0,142870426242159";"5,43774557854237e-03";"1,043498425605671"
"Principal Claritas FIF RF";"Principal Claritas";"PRINCIPAL CLARITAS FIF RENDA FIXA";"0,0050";"2025-07-01";"2026-06-30";"252";"0,1502088401155155";"0,1478274521113714";"12 meses";"12";TRUE;"0,1502088401155155";"0,147827452111371";"2,07469162700691e-03";"1,016109240673038"
"Principal Claritas FIF RF";"Principal Claritas";"PRINCIPAL CLARITAS FIF RENDA FIXA";"0,0050";"2024-07-01";"2026-06-30";"503";"0,2943143545880327";"0,2870100168583818";"24 meses";"24";TRUE;"0,1376793724894694";"0,134464638875263";"2,83370102870117e-03";"1,023907650673781"
"Principal Claritas FIF RF";"Principal Claritas";"PRINCIPAL CLARITAS FIF RENDA FIXA";"0,0050";"2023-07-03";"2026-06-30";"752";"0,4738162571794295";"0,4374821021799329";"36 meses";"36";TRUE;"0,1380144614045158";"0,128584674955896";"8,35540890982633e-03";"1,073335227948854"
"Riza Lotus Plus Advisory FIF RF";"Riza Lotus Plus Advisory";"RIZA LÓTUS PLUS ADVISORY FIF CIC RENDA FIXA";"0,0050";"2025-12-31";"2026-06-30";"123";"0,0699258099953355";"0,0690511803661034";"6 meses";"6";TRUE;"0,1447412388941747";"0,142870426242159";"1,63694204439913e-03";"1,013094470991812"
"Riza Lotus Plus Advisory FIF RF";"Riza Lotus Plus Advisory";"RIZA LÓTUS PLUS ADVISORY FIF CIC RENDA FIXA";"0,0050";"2025-07-01";"2026-06-30";"252";"0,1400919672643228";"0,1478274521113714";"12 meses";"12";TRUE;"0,1400919672643228";"0,147827452111371";"-6,73924014695726e-03";"0,947672203392772"
"Riza Lotus Plus Advisory FIF RF";"Riza Lotus Plus Advisory";"RIZA LÓTUS PLUS ADVISORY FIF CIC RENDA FIXA";"0,0050";"2024-07-01";"2026-06-30";"503";"0,2934736177201942";"0,2870100168583818";"24 meses";"24";TRUE;"0,1373098160660509";"0,134464638875263";"2,50794700274493e-03";"1,021159296708681"
"Riza Lotus Plus Advisory FIF RF";"Riza Lotus Plus Advisory";"RIZA LÓTUS PLUS ADVISORY FIF CIC RENDA FIXA";"0,0050";"2023-07-03";"2026-06-30";"752";"0,4690129227839706";"0,4374821021799329";"36 meses";"36";TRUE;"0,1367768097987063";"0,128584674955896";"7,25876845982398e-03";"1,063710040450935"
"Root Capital Crédito HG Plus FIC de FIF Multimercado CP RL";"Root Capital Crédito HG Plus";"ROOT CAPITAL CRÉDITO HG PLUS RESP LIMITADA FIF CIC MULTIMERCADO CRÉDITO PRIVADO";"0,0104";"2025-12-31";"2026-06-30";"123";"0,0689194772512265";"0,0690511803661034";"6 meses";"6";TRUE;"0,1425888488470353";"0,142870426242159";"-2,46377357098426e-04";"0,998029141491841"
"Root Capital Crédito HG Plus FIC de FIF Multimercado CP RL";"Root Capital Crédito HG Plus";"ROOT CAPITAL CRÉDITO HG PLUS RESP LIMITADA FIF CIC MULTIMERCADO CRÉDITO PRIVADO";"0,0104";"2025-07-01";"2026-06-30";"252";"0,1513163009941401";"0,1478274521113714";"12 meses";"12";TRUE;"0,1513163009941401";"0,147827452111371";"3,03952382071992e-03";"1,023600818609389"
"Root Capital Crédito HG Plus FIC de FIF Multimercado CP RL";"Root Capital Crédito HG Plus";"ROOT CAPITAL CRÉDITO HG PLUS RESP LIMITADA FIF CIC MULTIMERCADO CRÉDITO PRIVADO";"0,0104";"2024-07-01";"2026-06-30";"503";"0,3052054892686940";"0,2870100168583818";"24 meses";"24";TRUE;"0,1424559025488441";"0,134464638875263";"7,04408352604413e-03";"1,059430224484474"
"Root Capital Crédito HG Plus FIC de FIF Multimercado CP RL";"Root Capital Crédito HG Plus";"ROOT CAPITAL CRÉDITO HG PLUS RESP LIMITADA FIF CIC MULTIMERCADO CRÉDITO PRIVADO";"0,0104";"2023-07-03";"2026-06-30";"752";"0,4897865702785229";"0,4374821021799329";"36 meses";"36";TRUE;"0,1421102214791705";"0,128584674955896";"1,19845208103708e-02";"1,105187857945855"
"SPX Seahawk Advisory FIC FIRF CP LP";"SPX Seahawk Advisory";"SPX SEAHAWK ADVISORY RESP LIMITADA FIF CIC RENDA FIXA CRÉDITO PRIVADO LP";"0,0060";"2025-12-31";"2026-06-30";"123";"0,0609327920026244";"0,0690511803661034";"6 meses";"6";TRUE;"0,1255783891464839";"0,142870426242159";"-1,51303565991575e-02";"0,878966994426363"
"SPX Seahawk Advisory FIC FIRF CP LP";"SPX Seahawk Advisory";"SPX SEAHAWK ADVISORY RESP LIMITADA FIF CIC RENDA FIXA CRÉDITO PRIVADO LP";"0,0060";"2025-07-01";"2026-06-30";"252";"0,1337099342300874";"0,1478274521113714";"12 meses";"12";TRUE;"0,1337099342300874";"0,147827452111371";"-1,22993380715155e-02";"0,904500025674203"
"SPX Seahawk Advisory FIC FIRF CP LP";"SPX Seahawk Advisory";"SPX SEAHAWK ADVISORY RESP LIMITADA FIF CIC RENDA FIXA CRÉDITO PRIVADO LP";"0,0060";"2024-07-01";"2026-06-30";"503";"0,2857146613360895";"0,2870100168583818";"24 meses";"24";TRUE;"0,1338935846613163";"0,134464638875263";"-5,03368896992096e-04";"0,995753127225687"
"SPX Seahawk Advisory FIC FIRF CP LP";"SPX Seahawk Advisory";"SPX SEAHAWK ADVISORY RESP LIMITADA FIF CIC RENDA FIXA CRÉDITO PRIVADO LP";"0,0060";"2023-07-03";"2026-06-30";"752";"0,4843159381334192";"0,4374821021799329";"36 meses";"36";TRUE;"0,1407105291838056";"0,128584674955896";"1,07443016877609e-02";"1,094302483807412"
"Safra Grand Vitesse FIRF CP";"Safra Grand Vitesse";"SAFRA GRAND VITESSE RESP LIMITADA FIF RENDA FIXA CRÉDITO PRIVADO";"0,0025";"2025-12-31";"2026-06-30";"123";"0,0699664308584744";"0,0690511803661034";"6 meses";"6";TRUE;"0,1448281631640225";"0,142870426242159";"1,71299989649820e-03";"1,013702884308228"
"Safra Grand Vitesse FIRF CP";"Safra Grand Vitesse";"SAFRA GRAND VITESSE RESP LIMITADA FIF RENDA FIXA CRÉDITO PRIVADO";"0,0025";"2025-07-01";"2026-06-30";"252";"0,1493133407453500";"0,1478274521113714";"12 meses";"12";TRUE;"0,1493133407453500";"0,147827452111371";"1,29452264906660e-03";"1,010051506758428"
"Safra Grand Vitesse FIRF CP";"Safra Grand Vitesse";"SAFRA GRAND VITESSE RESP LIMITADA FIF RENDA FIXA CRÉDITO PRIVADO";"0,0025";"2024-07-01";"2026-06-30";"503";"0,2895174813833681";"0,2870100168583818";"24 meses";"24";TRUE;"0,1355692323162723";"0,134464638875263";"9,73669344250361e-04";"1,008214750362982"
"Safra Grand Vitesse FIRF CP";"Safra Grand Vitesse";"SAFRA GRAND VITESSE RESP LIMITADA FIF RENDA FIXA CRÉDITO PRIVADO";"0,0025";"2023-07-03";"2026-06-30";"752";"0,4633055721908035";"0,4374821021799329";"36 meses";"36";TRUE;"0,1353027124264075";"0,128584674955896";"5,95262156184595e-03";"1,052246019775030"
"Safra Polaris Classe de Investimento RF CP RL";"Safra Polaris";"SAFRA POLARIS RESP LIMITADA FIF RENDA FIXA CRÉDITO PRIVADO";"0,0060";"2025-12-31";"2026-06-30";"123";"0,0668970104077808";"0,0690511803661034";"6 meses";"6";TRUE;"0,1382692308170603";"0,142870426242159";"-4,02599920292579e-03";"0,967794626598931"
"Safra Polaris Classe de Investimento RF CP RL";"Safra Polaris";"SAFRA POLARIS RESP LIMITADA FIF RENDA FIXA CRÉDITO PRIVADO";"0,0060";"2025-07-01";"2026-06-30";"252";"0,1454995265483623";"0,1478274521113714";"12 meses";"12";TRUE;"0,1454995265483623";"0,147827452111371";"-2,02811455565644e-03";"0,984252413677162"
"Safra Polaris Classe de Investimento RF CP RL";"Safra Polaris";"SAFRA POLARIS RESP LIMITADA FIF RENDA FIXA CRÉDITO PRIVADO";"0,0060";"2024-07-01";"2026-06-30";"503";"0,2886704467677441";"0,2870100168583818";"24 meses";"24";TRUE;"0,1351962150957622";"0,134464638875263";"6,44864718942761e-04";"1,005440658797867"
"Safra Polaris Classe de Investimento RF CP RL";"Safra Polaris";"SAFRA POLARIS RESP LIMITADA FIF RENDA FIXA CRÉDITO PRIVADO";"0,0060";"2023-07-03";"2026-06-30";"752";"0,4683396096220127";"0,4374821021799329";"36 meses";"36";TRUE;"0,1366031050055054";"0,128584674955896";"7,10485462681221e-03";"1,062359142350050"
"Safra Vitesse Classe de Investimento RF CP RL";"Safra Vitesse";"SAFRA VITESSE RESP LIMITADA FIF RENDA FIXA CRÉDITO PRIVADO";"0,0050";"2025-12-31";"2026-06-30";"123";"0,0687039184174285";"0,0690511803661034";"6 meses";"6";TRUE;"0,1421280652407657";"0,142870426242159";"-6,49558326427213e-04";"0,994803956137606"
"Safra Vitesse Classe de Investimento RF CP RL";"Safra Vitesse";"SAFRA VITESSE RESP LIMITADA FIF RENDA FIXA CRÉDITO PRIVADO";"0,0050";"2025-07-01";"2026-06-30";"252";"0,1478967752582914";"0,1478274521113714";"12 meses";"12";TRUE;"0,1478967752582914";"0,147827452111371";"6,03950940469833e-05";"1,000468946369094"
"Safra Vitesse Classe de Investimento RF CP RL";"Safra Vitesse";"SAFRA VITESSE RESP LIMITADA FIF RENDA FIXA CRÉDITO PRIVADO";"0,0050";"2024-07-01";"2026-06-30";"503";"0,2891583359763266";"0,2870100168583818";"24 meses";"24";TRUE;"0,1354110867770872";"0,134464638875263";"8,34268314226394e-04";"1,007038637888298"
"Safra Vitesse Classe de Investimento RF CP RL";"Safra Vitesse";"SAFRA VITESSE RESP LIMITADA FIF RENDA FIXA CRÉDITO PRIVADO";"0,0050";"2023-07-03";"2026-06-30";"752";"0,4601706363138256";"0,4374821021799329";"36 meses";"36";TRUE;"0,1344913881813159";"0,128584674955896";"5,23373509892022e-03";"1,045936370157999"
"Selection RF Light FIC FIRF CP LP";"Selection Light";"SELECTION RF LIGHT FIC RENDA FIXA CRÉDITO PRIVADO LP";"0,0031";"2025-12-31";"2026-06-30";"123";"0,0676398226216433";"0,0690511803661034";"6 meses";"6";TRUE;"0,1398547908475738";"0,142870426242159";"-2,63865030132993e-03";"0,978892514889864"
"Selection RF Light FIC FIRF CP LP";"Selection Light";"SELECTION RF LIGHT FIC RENDA FIXA CRÉDITO PRIVADO LP";"0,0031";"2025-07-01";"2026-06-30";"252";"0,1466274388413262";"0,1478274521113714";"12 meses";"12";TRUE;"0,1466274388413262";"0,147827452111371";"-1,04546486306611e-03";"0,991882338138784"
"Selection RF Light FIC FIRF CP LP";"Selection Light";"SELECTION RF LIGHT FIC RENDA FIXA CRÉDITO PRIVADO LP";"0,0031";"2024-07-01";"2026-06-30";"503";"0,2930014724722345";"0,2870100168583818";"24 meses";"24";TRUE;"0,1371022260431269";"0,134464638875263";"2,32496199306720e-03";"1,019615470579668"
"Selection RF Light FIC FIRF CP LP";"Selection Light";"SELECTION RF LIGHT FIC RENDA FIXA CRÉDITO PRIVADO LP";"0,0031";"2023-07-03";"2026-06-30";"752";"0,4686476706832103";"0,4374821021799329";"36 meses";"36";TRUE;"0,1366825867712358";"0,128584674955896";"7,17528068122708e-03";"1,062977270177161"
"Sparta Max Advisory FIC de FIF RF CP LP RL";"Sparta Max Advisory";"SPARTA MAX ADVISORY RESP LIMITADA FIF CIC RENDA FIXA CRÉDITO PRIVADO LP";"0,0035";"2025-12-31";"2026-06-30";"123";"0,0708352433838340";"0,0690511803661034";"6 meses";"6";TRUE;"0,1466881184729150";"0,142870426242159";"3,34044187608296e-03";"1,026721360964411"
"Sparta Max Advisory FIC de FIF RF CP LP RL";"Sparta Max Advisory";"SPARTA MAX ADVISORY RESP LIMITADA FIF CIC RENDA FIXA CRÉDITO PRIVADO LP";"0,0035";"2025-07-01";"2026-06-30";"252";"0,1468996539983476";"0,1478274521113714";"12 meses";"12";TRUE;"0,1468996539983476";"0,147827452111371";"-8,08308000751490e-04";"0,993723776607306"
"Sparta Max Advisory FIC de FIF RF CP LP RL";"Sparta Max Advisory";"SPARTA MAX ADVISORY RESP LIMITADA FIF CIC RENDA FIXA CRÉDITO PRIVADO LP";"0,0035";"2024-07-01";"2026-06-30";"503";"0,2978904251024033";"0,2870100168583818";"24 meses";"24";TRUE;"0,1392499396982223";"0,134464638875263";"4,21811368902891e-03";"1,035587801097640"
"Sparta Max Advisory FIC de FIF RF CP LP RL";"Sparta Max Advisory";"SPARTA MAX ADVISORY RESP LIMITADA FIF CIC RENDA FIXA CRÉDITO PRIVADO LP";"0,0035";"2023-07-03";"2026-06-30";"752";"0,4985391099286389";"0,4374821021799329";"36 meses";"36";TRUE;"0,1443424992499569";"0,128584674955896";"1,39624652396391e-02";"1,122548229790727"
"Sparta Top FIC FIF RF CP LP - Resp Limitada";"Sparta Top";"SPARTA TOP RESP LIMITADA FIF CIC RENDA FIXA CRÉDITO PRIVADO LP";"0,0030";"2025-12-31";"2026-06-30";"123";"0,0693421451555780";"0,0690511803661034";"6 meses";"6";TRUE;"0,1434926234059333";"0,142870426242159";"5,44416190574104e-04";"1,004354975204734"
"Sparta Top FIC FIF RF CP LP - Resp Limitada";"Sparta Top";"SPARTA TOP RESP LIMITADA FIF CIC RENDA FIXA CRÉDITO PRIVADO LP";"0,0030";"2025-07-01";"2026-06-30";"252";"0,1451861500468881";"0,1478274521113714";"12 meses";"12";TRUE;"0,1451861500468881";"0,147827452111371";"-2,30113163753387e-03";"0,982132533391069"
"Sparta Top FIC FIF RF CP LP - Resp Limitada";"Sparta Top";"SPARTA TOP RESP LIMITADA FIF CIC RENDA FIXA CRÉDITO PRIVADO LP";"0,0030";"2024-07-01";"2026-06-30";"503";"0,2935588339355450";"0,2870100168583818";"24 meses";"24";TRUE;"0,1373472793898727";"0,134464638875263";"2,54096991288066e-03";"1,021437907681314"
"Sparta Top FIC FIF RF CP LP - Resp Limitada";"Sparta Top";"SPARTA TOP RESP LIMITADA FIF CIC RENDA FIXA CRÉDITO PRIVADO LP";"0,0030";"2023-07-03";"2026-06-30";"752";"0,4850521777958277";"0,4374821021799329";"36 meses";"36";TRUE;"0,1408991003397333";"0,128584674955896";"1,09113880926290e-02";"1,095768997262397"
"SulAmérica Crédito Ativo FIRF CP LP";"SulAmérica Crédito Ativo";"SULAMÉRICA CRÉDITO ATIVO RESP LIMITADA FIF RENDA FIXA CRÉDITO PRIVADO LP";"0,0060";"2025-12-31";"2026-06-30";"123";"0,0696718474537481";"0,0690511803661034";"6 meses";"6";TRUE;"0,1441978612351145";"0,142870426242159";"1,16149211885763e-03";"1,009291181022345"
"SulAmérica Crédito Ativo FIRF CP LP";"SulAmérica Crédito Ativo";"SULAMÉRICA CRÉDITO ATIVO RESP LIMITADA FIF RENDA FIXA CRÉDITO PRIVADO LP";"0,0060";"2025-07-01";"2026-06-30";"252";"0,1507733290902817";"0,1478274521113714";"12 meses";"12";TRUE;"0,1507733290902817";"0,147827452111371";"2,56648067920962e-03";"1,019927807297192"
"SulAmérica Crédito Ativo FIRF CP LP";"SulAmérica Crédito Ativo";"SULAMÉRICA CRÉDITO ATIVO RESP LIMITADA FIF RENDA FIXA CRÉDITO PRIVADO LP";"0,0060";"2024-07-01";"2026-06-30";"503";"0,3040360910364965";"0,2870100168583818";"24 meses";"24";TRUE;"0,1419439964536338";"0,134464638875263";"6,59285210139782e-03";"1,055623230322349"
"SulAmérica Crédito Ativo FIRF CP LP";"SulAmérica Crédito Ativo";"SULAMÉRICA CRÉDITO ATIVO RESP LIMITADA FIF RENDA FIXA CRÉDITO PRIVADO LP";"0,0060";"2023-07-03";"2026-06-30";"752";"0,4948063278540200";"0,4374821021799329";"36 meses";"36";TRUE;"0,1433915435674533";"0,128584674955896";"1,31198561704164e-02";"1,115152669761277"
"SulAmérica Crédito ESG FIRF CP LP IS";"SulAmérica Crédito ESG";"SULAMÉRICA CRÉDITO ESG INVEST SUSTENTÁVEL RESP LIMITADA FIF RENDA FIXA CRÉDITO PRIVADO LP";"0,0060";"2025-12-31";"2026-06-30";"123";"0,0688203656685666";"0,0690511803661034";"6 meses";"6";TRUE;"0,1423769740678884";"0,142870426242159";"-4,31765634090975e-04";"0,996546155931290"
"SulAmérica Crédito ESG FIRF CP LP IS";"SulAmérica Crédito ESG";"SULAMÉRICA CRÉDITO ESG INVEST SUSTENTÁVEL RESP LIMITADA FIF RENDA FIXA CRÉDITO PRIVADO LP";"0,0060";"2025-07-01";"2026-06-30";"252";"0,1482173882888171";"0,1478274521113714";"12 meses";"12";TRUE;"0,1482173882888171";"0,147827452111371";"3,39716720251459e-04";"1,002637779193759"
"SulAmérica Crédito ESG FIRF CP LP IS";"SulAmérica Crédito ESG";"SULAMÉRICA CRÉDITO ESG INVEST SUSTENTÁVEL RESP LIMITADA FIF RENDA FIXA CRÉDITO PRIVADO LP";"0,0060";"2024-07-01";"2026-06-30";"503";"0,3014404866042268";"0,2870100168583818";"24 meses";"24";TRUE;"0,1408069453699108";"0,134464638875263";"5,59057221998160e-03";"1,047167095733851"
"SulAmérica Crédito ESG FIRF CP LP IS";"SulAmérica Crédito ESG";"SULAMÉRICA CRÉDITO ESG INVEST SUSTENTÁVEL RESP LIMITADA FIF RENDA FIXA CRÉDITO PRIVADO LP";"0,0060";"2023-07-03";"2026-06-30";"752";"0,4987726580765230";"0,4374821021799329";"36 meses";"36";TRUE;"0,1444019449653471";"0,128584674955896";"1,40151380401026e-02";"1,123010537724472"
"Tivio Institucional 15";"Tivio Institucional 15";"TIVIO INSTITUCIONAL 15 RESP LIMITADA FIF RENDA FIXA CRÉDITO PRIVADO LP";"0,0050";"2025-12-31";"2026-06-30";"123";"0,0691522781316447";"0,0690511803661034";"6 meses";"6";TRUE;"0,1430865938340857";"0,142870426242159";"1,89144444517231e-04";"1,001513032456139"
"Tivio Institucional 15";"Tivio Institucional 15";"TIVIO INSTITUCIONAL 15 RESP LIMITADA FIF RENDA FIXA CRÉDITO PRIVADO LP";"0,0050";"2025-07-01";"2026-06-30";"252";"0,1504208255525652";"0,1478274521113714";"12 meses";"12";TRUE;"0,1504208255525652";"0,147827452111371";"2,25937568963297e-03";"1,017543246563162"
"Tivio Institucional 15";"Tivio Institucional 15";"TIVIO INSTITUCIONAL 15 RESP LIMITADA FIF RENDA FIXA CRÉDITO PRIVADO LP";"0,0050";"2024-07-01";"2026-06-30";"503";"0,3053119939661828";"0,2870100168583818";"24 meses";"24";TRUE;"0,1425025137679929";"0,134464638875263";"7,08517005933174e-03";"1,059776867434908"
"Tivio Institucional 15";"Tivio Institucional 15";"TIVIO INSTITUCIONAL 15 RESP LIMITADA FIF RENDA FIXA CRÉDITO PRIVADO LP";"0,0050";"2023-07-03";"2026-06-30";"752";"0,5112321560540698";"0,4374821021799329";"36 meses";"36";TRUE;"0,1475643867350536";"0,128584674955896";"1,68172687440573e-02";"1,147604773163425"
"Valora Absolute FIF RF CP LP RL";"Valora Absolute";"VALORA ABSOLUTE RESP LIMITADA FIF RENDA FIXA CRÉDITO PRIVADO LP";"0,0050";"2025-12-31";"2026-06-30";"123";"0,0633918548548862";"0,0690511803661034";"6 meses";"6";TRUE;"0,1308022369717152";"0,142870426242159";"-1,05595428784736e-02";"0,915530529390395"
"Valora Absolute FIF RF CP LP RL";"Valora Absolute";"VALORA ABSOLUTE RESP LIMITADA FIF RENDA FIXA CRÉDITO PRIVADO LP";"0,0050";"2025-07-01";"2026-06-30";"252";"0,1387057770348761";"0,1478274521113714";"12 meses";"12";TRUE;"0,1387057770348761";"0,147827452111371";"-7,94690444083423e-03";"0,938295120789722"
"Valora Absolute FIF RF CP LP RL";"Valora Absolute";"VALORA ABSOLUTE RESP LIMITADA FIF RENDA FIXA CRÉDITO PRIVADO LP";"0,0050";"2024-07-01";"2026-06-30";"503";"0,2860277574812340";"0,2870100168583818";"24 meses";"24";TRUE;"0,1340316386597131";"0,134464638875263";"-3,81678018611109e-04";"0,996779820931568"
"Valora Absolute FIF RF CP LP RL";"Valora Absolute";"VALORA ABSOLUTE RESP LIMITADA FIF RENDA FIXA CRÉDITO PRIVADO LP";"0,0050";"2023-07-03";"2026-06-30";"752";"0,4664645482812375";"0,4374821021799329";"36 meses";"36";TRUE;"0,1361190870146716";"0,128584674955896";"6,67598295986971e-03";"1,058594945792412"
"Vinland Crédito Multimercado FIC FI CP";"Vinland Crédito";"VINLAND CRÉDITO RESP LIMITADA FIF CIC MULTIMERCADO CRÉDITO PRIVADO";"0,0070";"2025-12-31";"2026-06-30";"123";"0,0639757183201164";"0,0690511803661034";"6 meses";"6";TRUE;"0,1320443291748077";"0,142870426242159";"-9,47272483281258e-03";"0,924224366426950"
"Vinland Crédito Multimercado FIC FI CP";"Vinland Crédito";"VINLAND CRÉDITO RESP LIMITADA FIF CIC MULTIMERCADO CRÉDITO PRIVADO";"0,0070";"2025-07-01";"2026-06-30";"252";"0,1430802024640012";"0,1478274521113714";"12 meses";"12";TRUE;"0,1430802024640012";"0,147827452111371";"-4,13585651627157e-03";"0,967886548949016"
"Vinland Crédito Multimercado FIC FI CP";"Vinland Crédito";"VINLAND CRÉDITO RESP LIMITADA FIF CIC MULTIMERCADO CRÉDITO PRIVADO";"0,0070";"2024-07-01";"2026-06-30";"503";"0,2936668058796006";"0,2870100168583818";"24 meses";"24";TRUE;"0,1373947449674631";"0,134464638875263";"2,58280954010592e-03";"1,021790904409580"
"Vinland Crédito Multimercado FIC FI CP";"Vinland Crédito";"VINLAND CRÉDITO RESP LIMITADA FIF CIC MULTIMERCADO CRÉDITO PRIVADO";"0,0070";"2023-07-03";"2026-06-30";"752";"0,4931689186250485";"0,4374821021799329";"36 meses";"36";TRUE;"0,1429739010833670";"0,128584674955896";"1,27497975533235e-02";"1,111904673962170"
"XP Corporate Light FIRF CP LP";"XP Corporate Light";"XP CORPORATE LIGHT RESP LIMITADA FIF CIC RENDA FIXA CRÉDITO PRIVADO LP";"0,0050";"2025-12-31";"2026-06-30";"123";"0,0684382018258420";"0,0690511803661034";"6 meses";"6";TRUE;"0,1415601911208388";"0,142870426242159";"-1,14644240609862e-03";"0,990829206884990"
"XP Corporate Light FIRF CP LP";"XP Corporate Light";"XP CORPORATE LIGHT RESP LIMITADA FIF CIC RENDA FIXA CRÉDITO PRIVADO LP";"0,0050";"2025-07-01";"2026-06-30";"252";"0,1465267951976503";"0,1478274521113714";"12 meses";"12";TRUE;"0,1465267951976503";"0,147827452111371";"-1,13314672107601e-03";"0,991201519777658"
"XP Corporate Light FIRF CP LP";"XP Corporate Light";"XP CORPORATE LIGHT RESP LIMITADA FIF CIC RENDA FIXA CRÉDITO PRIVADO LP";"0,0050";"2024-07-01";"2026-06-30";"503";"0,2904250302823812";"0,2870100168583818";"24 meses";"24";TRUE;"0,1359687628990425";"0,134464638875263";"1,32584478373010e-03";"1,011186019137524"
"XP Corporate Light FIRF CP LP";"XP Corporate Light";"XP CORPORATE LIGHT RESP LIMITADA FIF CIC RENDA FIXA CRÉDITO PRIVADO LP";"0,0050";"2023-07-03";"2026-06-30";"752";"0,4681358859931293";"0,4374821021799329";"36 meses";"36";TRUE;"0,1365505368717814";"0,128584674955896";"7,05827581452567e-03";"1,061950321207545"
"XP Corporate Plus FIC FIF Multi CP RL";"XP Corporate Plus";"XP CORPORATE PLUS RESP LIMITADA FIF CIC MULTIMERCADO CRÉDITO PRIVADO";"0,0075";"2025-12-31";"2026-06-30";"123";"0,0654988753488288";"0,0690511803661034";"6 meses";"6";TRUE;"0,1352878533696191";"0,142870426242159";"-6,63467414890750e-03";"0,946926924822862"
"XP Corporate Plus FIC FIF Multi CP RL";"XP Corporate Plus";"XP CORPORATE PLUS RESP LIMITADA FIF CIC MULTIMERCADO CRÉDITO PRIVADO";"0,0075";"2025-07-01";"2026-06-30";"252";"0,1471461312437141";"0,1478274521113714";"12 meses";"12";TRUE;"0,1471461312437141";"0,147827452111371";"-5,93574292376498e-04";"0,995391107281319"
"XP Corporate Plus FIC FIF Multi CP RL";"XP Corporate Plus";"XP CORPORATE PLUS RESP LIMITADA FIF CIC MULTIMERCADO CRÉDITO PRIVADO";"0,0075";"2024-07-01";"2026-06-30";"503";"0,2712712006748212";"0,2870100168583818";"24 meses";"24";TRUE;"0,1275066299915142";"0,134464638875263";"-6,13329727989376e-03";"0,948253987502217"
"XP Corporate Plus FIC FIF Multi CP RL";"XP Corporate Plus";"XP CORPORATE PLUS RESP LIMITADA FIF CIC MULTIMERCADO CRÉDITO PRIVADO";"0,0075";"2023-07-03";"2026-06-30";"752";"0,4731006065220085";"0,4374821021799329";"36 meses";"36";TRUE;"0,1378302338591246";"0,128584674955896";"8,19217122861438e-03";"1,071902494651092"
"XP Corporate Top CP FIF FIRF LP RL";"XP Corporate Top";"XP CORPORATE TOP RESP LIMITADA FIF RENDA FIXA CRÉDITO PRIVADO LP";"0,0075";"2025-12-31";"2026-06-30";"123";"0,0681961878985495";"0,0690511803661034";"6 meses";"6";TRUE;"0,1410430958409934";"0,142870426242159";"-1,59889551711823e-03";"0,987209876464788"
"XP Corporate Top CP FIF FIRF LP RL";"XP Corporate Top";"XP CORPORATE TOP RESP LIMITADA FIF RENDA FIXA CRÉDITO PRIVADO LP";"0,0075";"2025-07-01";"2026-06-30";"252";"0,1472436930524643";"0,1478274521113714";"12 meses";"12";TRUE;"0,1472436930524643";"0,147827452111371";"-5,08577363116047e-04";"0,996051078128119"
"XP Corporate Top CP FIF FIRF LP RL";"XP Corporate Top";"XP CORPORATE TOP RESP LIMITADA FIF RENDA FIXA CRÉDITO PRIVADO LP";"0,0075";"2024-07-01";"2026-06-30";"503";"0,2873911561514262";"0,2870100168583818";"24 meses";"24";TRUE;"0,1346326084470806";"0,134464638875263";"1,48060649985293e-04";"1,001249172817642"
"XP Corporate Top CP FIF FIRF LP RL";"XP Corporate Top";"XP CORPORATE TOP RESP LIMITADA FIF RENDA FIXA CRÉDITO PRIVADO LP";"0,0075";"2023-07-03";"2026-06-30";"752";"0,4714624579062545";"0,4374821021799329";"36 meses";"36";TRUE;"0,1374083060410982";"0,128584674955896";"7,81831552474976e-03";"1,068621171910485"
