"nome_xlsx";"nome_plot";"nome_quantum";"taxa_adm_aa";"primeira_data";"ultima_data";"n_meses";"excesso_cdi_aa";"hit_rate_mensal";"hit_rate_6m";"n_janelas_36m";"hit_rate_36m";"volatilidade_excesso_aa";"pior_mes";"media_tres_piores_meses";"autocorrelacao_lag1";"max_drawdown_excesso";"meses_para_recuperar";"cluster";"correlacao_media_pares";"correlacao_mediana_pares";"correlacao_maxima";"fundo_mais_correlacionado";"meses_em_comum_com_par_mais_proximo";"benchmark_menor_tracking_error";"menor_tracking_error_aa";"benchmark_maior_correlacao";"maior_correlacao";"score_retorno";"score_consistencia";"score_risco";"score_taxa";"eficiencia_custo";"score_eficiencia";"score_custo";"score_diferenciacao";"score_preliminar";"quartil_score";"classificacao";"red_flag";"elegivel_shortlist"
"Compass Yield 30 FIF RF CP LP RL";"Compass Yield 30";"COMPASS YIELD 30 FIF RENDA FIXA";"0,0060";"2020-06-01";"2026-06-01";"73";"0,020067791129959600";"0,835616438356164";"0,867647058823529";"38";"1,000000000000000";"0,00978327244833325";"-0,00522398276774716";"-0,00453999852440271";"0,45615878122608611";"-0,00708576930528970";"7";"1";"0,536249639443069";"0,548754709812419";"0,764252729472862";"Plural Crédito Corporativo II";"73";"IDA-DI";"0,01026778745060310";"IDA-DI";"0,650540847550394";"0,9777777777777777";"0,66222222222222227";"0,80888888888888888";"0,3111111111111111";"3,3446318549932665";"1,0000000000000000";"0,6555555555555556";"0,8999999999999999";"0,776777777777778";"1";"Q1 - Destaque";NA;TRUE
"SulAmérica Crédito ESG FIRF CP LP IS";"SulAmérica Crédito ESG";"SULAMÉRICA CRÉDITO ESG INVEST SUSTENTÁVEL RESP LIMITADA FIF RENDA FIXA CRÉDITO PRIVADO LP";"0,0060";"2021-01-01";"2026-06-01";"66";"0,015395935788579562";"0,833333333333333";"0,836065573770492";"31";"1,000000000000000";"0,00683094284256867";"-0,00510232869216443";"-0,00384317681797985";"0,40139497290151666";"-0,00917377816866249";"4";"1";"0,610509016906555";"0,615510236790810";"0,882342771461098";"SulAmérica Crédito Ativo";"66";"IDA-DI";"0,00952358269300273";"IDA-DI";"0,673897923898873";"0,9555555555555556";"0,61777777777777776";"0,86444444444444446";"0,3111111111111111";"2,5659892980965937";"0,9555555555555556";"0,6333333333333333";"0,7111111111111110";"0,747888888888889";"1";"Q1 - Destaque";NA;TRUE
"Polo Crédito Corporativo Advisory FIC FIF RF CP LP RL";"Polo Crédito Corporativo Advisory";"POLO CRÉDITO CORPORATIVO ADVISORY RESP LIMITADA FIF CIC RENDA FIXA CRÉDITO PRIVADO LP";"0,0050";"2018-11-01";"2026-06-01";"92";"0,011765055868546259";"0,836956521739130";"0,862068965517241";"57";"1,000000000000000";"0,00990996600579074";"-0,01400618306287527";"-0,01009771699113056";"0,33197466198188064";"-0,02456709310827299";"10";"1";"0,642378248990600";"0,678202701894900";"0,847714939203756";"Absolute Creta Advisory";"44";"IRF-M 1";"0,01154278493373314";"IDA-DI";"0,598169791057081";"0,8222222222222222";"0,66666666666666674";"0,69333333333333325";"0,6000000000000000";"2,3530111737092518";"0,9111111111111111";"0,7555555555555555";"0,7333333333333334";"0,732000000000000";"1";"Q1 - Destaque";NA;TRUE
"Vinland Crédito Multimercado FIC FI CP";"Vinland Crédito";"VINLAND CRÉDITO RESP LIMITADA FIF CIC MULTIMERCADO CRÉDITO PRIVADO";"0,0070";"2022-11-01";"2026-06-01";"44";"0,013995034858907296";"0,818181818181818";"0,871794871794872";"9";"1,000000000000000";"0,00738268885026755";"-0,00413760620256065";"-0,00406485000057355";"0,47060948034567995";"-0,01239842739190644";NA;"1";"0,565550500172169";"0,569112427322542";"0,866583472841115";"Absolute Creta Advisory";"44";"IRF-M 1";"0,00744930674780681";"IDA-DI";"0,610542732315133";"0,9111111111111111";"0,61333333333333329";"0,83333333333333337";"0,2000000000000000";"1,9992906941296138";"0,8222222222222222";"0,5111111111111111";"0,7888888888888889";"0,708888888888889";"1";"Q1 - Destaque";NA;TRUE
"Bocom BBM Corporate Credit II FIF RF CP RL";"Bocom BBM Corporate Credit II";"BOCOM BBM CORPORATE CREDIT II RESP LIMITADA FIF CIC RENDA FIXA CRÉDITO PRIVADO";"0,0060";"2023-05-01";"2026-06-01";"38";"0,010919685845205196";"0,763157894736842";"0,878787878787879";"3";"1,000000000000000";"0,00452052466000752";"-0,00320344262184469";"-0,00174917461564080";"0,14628765270986316";"-0,00320344262184458";"5";"1";"0,650074704437601";"0,672504349150873";"0,891258166901900";"BOCOM BBM Corporate Credit Plus MULT";"38";"IRF-M 1";"0,00524557593136886";"IDA-DI";"0,804408533822654";"0,7333333333333333";"0,52444444444444449";"0,97333333333333327";"0,3111111111111111";"1,8199476408675326";"0,7333333333333333";"0,5222222222222221";"0,5888888888888889";"0,661888888888889";"1";"Q1 - Destaque";NA;TRUE
"Root Capital Crédito HG Plus FIC de FIF Multimercado CP RL";"Root Capital Crédito HG Plus";"ROOT CAPITAL CRÉDITO HG PLUS RESP LIMITADA FIF CIC MULTIMERCADO CRÉDITO PRIVADO";"0,0104";"2022-01-01";"2026-06-01";"54";"0,012677856477199656";"0,814814814814815";"0,918367346938776";"19";"1,000000000000000";"0,00421396238101507";"-0,00325902193672267";"-0,00186709629809882";"0,41487659751613587";"-0,00524310868892264";NA;"1";"0,590666290559200";"0,605331708812474";"0,843082629361238";"Polo Crédito Corporativo Advisory";"54";"IRF-M 1";"0,00492830287594014";"IDA-DI";"0,647665853415281";"0,8666666666666667";"0,63555555555555554";"0,95333333333333337";"0,0222222222222222";"1,2190246612691977";"0,4000000000000000";"0,2111111111111111";"0,7888888888888890";"0,654555555555556";"1";"Q1 - Destaque";NA;TRUE
"BOCOM BBM Corporate Credit Plus FIF CIC MULT CP RL";"BOCOM BBM Corporate Credit Plus MULT";"BOCOM BBM CORPORATE CREDIT PLUS RESP LIMITADA FIF CIC MULTIMERCADO CRÉDITO PRIVADO";"0,0090";"2020-01-01";"2026-06-01";"78";"0,020897143351777281";"0,807692307692308";"0,917808219178082";"43";"1,000000000000000";"0,01534038744916271";"-0,02560232689190589";"-0,01078113999675397";"0,00665175594300573";"-0,02560232689190589";"3";"1";"0,570013379400933";"0,568476320908953";"0,891258166901900";"Bocom BBM Corporate Credit II";"38";"IDA-DI";"0,01571081952147311";"IDA-DI";"0,806745446522775";"1,0000000000000000";"0,62222222222222223";"0,55555555555555558";"0,0444444444444444";"2,3219048168641421";"0,8888888888888888";"0,4666666666666666";"0,6888888888888889";"0,652222222222222";"1";"Q1 - Destaque";NA;TRUE
"Atena Yield D30 FIC de FIF RF CP RL";"Atena Yield D30";"ATENA YIELD D30 FIF CIC RENDA FIXA";"0,0085";"2019-01-01";"2026-06-01";"90";"0,008660814323839139";"0,888888888888889";"0,894117647058824";"55";"1,000000000000000";"0,00296190132207902";"-0,00279761889252850";"-0,00236436541681366";"0,17447493996528346";"-0,00453894040123348";"6";"1";"0,538843088068513";"0,575677838846471";"0,747477097264482";"Occam Crédito Corporativo 30";"42";"IRF-M 1";"0,00552774174387785";"IDA-DI";"0,554818336408700";"0,5555555555555556";"0,78222222222222226";"0,96444444444444444";"0,0666666666666667";"1,0189193322163692";"0,2666666666666667";"0,1666666666666667";"0,9000000000000000";"0,631222222222222";"1";"Q1 - Destaque";NA;TRUE
"Ibiuna Credit FIF CIC Multimercado CP RL";"Ibiuna Credit";"IBIUNA CREDIT RESP LIMITADA FIF CIC MULTIMERCADO CRÉDITO PRIVADO";"0,0076";"2020-08-01";"2026-06-01";"71";"0,013137858960022175";"0,690140845070423";"0,787878787878788";"36";"1,000000000000000";"0,00994063827286379";"-0,00667417416501248";"-0,00596429805390216";"0,29098021538247026";"-0,02058244479771210";"15";"3";"0,459658064036292";"0,470619050775417";"0,574161529260813";"JGP Crédito Advisory";"71";"IDA-DI";"0,01104359036807582";"IDA-DI";"0,533667984195177";"0,8888888888888888";"0,34666666666666668";"0,72222222222222221";"0,1111111111111111";"1,7286656526344968";"0,6666666666666666";"0,3888888888888888";"0,9777777777777779";"0,603888888888889";"1";"Q1 - Destaque";NA;TRUE
"Absolute Creta Advisory FIF FIRF";"Absolute Creta Advisory";"ABSOLUTE CRETA ADVISORY FIF CIC RENDA FIXA";"0,0058";"2022-11-01";"2026-06-01";"44";"0,010273041654651482";"0,704545454545455";"0,743589743589744";"9";"1,000000000000000";"0,00838424260147245";"-0,00615388015032925";"-0,00483715175763725";"0,31819646430123077";"-0,01406972434535125";NA;"1";"0,637954677559243";"0,650281515604567";"0,866583472841115";"Vinland Crédito";"44";"IRF-M 1";"0,00846681845377618";"IDA-DI";"0,722460798677311";"0,6666666666666666";"0,31111111111111112";"0,79777777777777770";"0,5555555555555556";"1,7712140783881867";"0,7111111111111111";"0,6333333333333333";"0,7222222222222222";"0,601222222222222";"1";"Q1 - Destaque";NA;TRUE
"Daycoval Classic 30 FIRF CP";"Daycoval Classic 30";"DAYCOVAL CLASSIC 30 FIF";"0,0040";"2018-07-01";"2026-06-01";"96";"0,007963460447077519";"0,875000000000000";"0,780219780219780";"61";"1,000000000000000";"0,01279468872837838";"-0,02564309881189053";"-0,01537620605843659";"0,43700423675548739";"-0,03433686692948590";"11";"1";"0,760423816065598";"0,843100017539214";"0,949081150391301";"Sparta Top";"96";"IDA-DI";"0,01214768016719526";"IDA-DI";"0,920867681197110";"0,4888888888888889";"0,68888888888888888";"0,51555555555555554";"0,8888888888888888";"1,9908651117693799";"0,8000000000000000";"0,8444444444444444";"0,1555555555555556";"0,599777777777778";"1";"Q1 - Destaque";NA;TRUE
"Principal Claritas FIF RF";"Principal Claritas";"PRINCIPAL CLARITAS FIF RENDA FIXA";"0,0050";"2010-05-01";"2026-06-01";"194";"0,009273913518116794";"0,860824742268041";"0,825396825396825";"159";"0,974842767295597";"0,00917386273983674";"-0,02937284224010295";"-0,01398318024583915";"0,27095734629689927";"-0,03837070679481325";"13";"1";"0,764157461655489";"0,798173089047089";"0,945560752963798";"JGP Corporate FEEDER II";"120";"IDA-DI";"0,00832057042265485";"IDA-DI";"0,928970865850247";"0,6444444444444445";"0,66666666666666674";"0,58222222222222220";"0,6000000000000000";"1,8547827036233588";"0,7555555555555555";"0,6777777777777778";"0,1666666666666667";"0,598111111111111";"1";"Q1 - Destaque";NA;TRUE
"BNP Paribas Match Plus 30 Advisory FIF RF CP LP RL";"BNP Paribas Match Plus 30 Advisory";"BNP PARIBAS MATCH PLUS 30 ADVISORY RESP LIMITADA FIF CIC RENDA FIXA CRÉDITO PRIVADO LP";"0,0065";"2023-04-01";"2026-06-01";"39";"0,007796221644291057";"0,871794871794872";"0,882352941176471";"4";"1,000000000000000";"0,00448812141563022";"-0,00478393566012214";"-0,00226137191022809";"0,06742159064821922";"-0,00554352812016001";NA;"1";"0,575024059086353";"0,595117962951174";"0,972859995993885";"BNP Paribas Rubi";"39";"IRF-M 1";"0,00487019099074339";"IDA-DI";"0,595821518379676";"0,4666666666666667";"0,75111111111111106";"0,92444444444444440";"0,2666666666666667";"1,1994187145063164";"0,3777777777777778";"0,3222222222222222";"0,4222222222222222";"0,588777777777778";"2";"Q2 - Aprovado";NA;TRUE
"Sparta Max Advisory FIC de FIF RF CP LP RL";"Sparta Max Advisory";"SPARTA MAX ADVISORY RESP LIMITADA FIF CIC RENDA FIXA CRÉDITO PRIVADO LP";"0,0035";"2019-05-01";"2026-06-01";"86";"0,011248794618361702";"0,779069767441861";"0,740740740740741";"51";"1,000000000000000";"0,01804343952555575";"-0,03300649595476290";"-0,01966935191224710";"0,35756673595396715";"-0,03906721556790205";"7";"1";"0,731114470220130";"0,811011821169029";"0,981805132217547";"Sparta Top";"86";"IDA-DI";"0,01049083706517903";"IDA-DI";"0,915446222554786";"0,7555555555555555";"0,44444444444444442";"0,34000000000000002";"0,9333333333333333";"3,2139413195319149";"0,9777777777777777";"0,9555555555555555";"0,1222222222222222";"0,581333333333333";"2";"Q2 - Aprovado";NA;TRUE
"Iridium Titan Advisory FIC em FIF RF CP RL";"Iridium Titan Advisory";"IRIDIUM TITAN ADVISORY RESP LIMITADA FIF CIC RENDA FIXA CRÉDITO PRIVADO";"0,0060";"2019-05-01";"2026-06-01";"86";"0,010284484981853081";"0,779069767441861";"0,790123456790123";"51";"1,000000000000000";"0,01084931453071367";"-0,01664946836963266";"-0,01114279764306828";"0,47052644616058953";"-0,02785041828435364";"8";"1";"0,646345709622012";"0,675335842427371";"0,876833002057937";"XP Corporate Top";"86";"IRF-M 1";"0,01256693988757724";"IDA-DI";"0,604688199836015";"0,6888888888888889";"0,50222222222222224";"0,62444444444444458";"0,3111111111111111";"1,7140808303088468";"0,6444444444444445";"0,4777777777777778";"0,6888888888888889";"0,576555555555556";"2";"Q2 - Aprovado";NA;TRUE
"Occam Crédito Corporativo 30 FIC FIF RF CP LP RL";"Occam Crédito Corporativo 30";"OCCAM CRÉDITO CORPORATIVO 30 RESP LIMITADA FIF CIC RENDA FIXA";"0,0060";"2023-01-01";"2026-06-01";"42";"0,009107200567740170";"0,761904761904762";"0,756756756756757";"7";"1,000000000000000";"0,00682232762156579";"-0,00604507609946137";"-0,00410402416308298";"0,34671567845654527";"-0,00742080708958281";"3";"1";"0,658204964595470";"0,672312762428955";"0,882462592386647";"Plural Crédito Corporativo II";"42";"IRF-M 1";"0,00664364437371804";"IDA-DI";"0,788147067041231";"0,6000000000000000";"0,40888888888888886";"0,86666666666666670";"0,3111111111111111";"1,5178667612900283";"0,5333333333333333";"0,4222222222222222";"0,6333333333333333";"0,564444444444444";"2";"Q2 - Aprovado";NA;TRUE
"Porto Seguro Ipê RF FIC FI CP LP";"Porto Seguro Ipê";"PORTO SEGURO IPÊ RESP LIMITADA FIF CIC RENDA FIXA CRÉDITO PRIVADO LP";"0,0050";"2019-12-01";"2026-06-01";"79";"0,010716183081906028";"0,822784810126582";"0,810810810810811";"44";"1,000000000000000";"0,01516331573587135";"-0,03104127446775062";"-0,01485723683775497";"0,34894317644991635";"-0,03963402298106433";"9";"1";"0,783541417781303";"0,841556285059199";"0,949774428535261";"Plural Crédito Corporativo II";"79";"IDA-DI";"0,01230732272844295";"IDA-DI";"0,925895815071555";"0,7111111111111111";"0,57333333333333336";"0,43111111111111111";"0,6000000000000000";"2,1432366163812056";"0,8444444444444444";"0,7222222222222222";"0,0888888888888889";"0,561222222222222";"2";"Q2 - Aprovado";NA;TRUE
"Sparta Top FIC FIF RF CP LP - Resp Limitada";"Sparta Top";"SPARTA TOP RESP LIMITADA FIF CIC RENDA FIXA CRÉDITO PRIVADO LP";"0,0030";"2012-03-01";"2026-06-01";"172";"0,007062355796904285";"0,854651162790698";"0,844311377245509";"137";"0,919708029197080";"0,01350212752048500";"-0,04033600082960698";"-0,02142960773098168";"0,30780729492925385";"-0,05162152524010621";"13";"1";"0,735947282110311";"0,813183583173725";"0,981805132217547";"Sparta Max Advisory";"86";"IDA-DI";"0,00605113899136169";"IDA-DI";"0,946728893754094";"0,4222222222222222";"0,61777777777777776";"0,32000000000000001";"0,9777777777777777";"2,3541185989680948";"0,9333333333333333";"0,9555555555555555";"0,1111111111111111";"0,552888888888889";"2";"Q2 - Aprovado";NA;TRUE
"Novus Crédito FIM CP LP";"Novus Crédito";"NOVUS CRÉDITO HIGH GRADE FI MULTIMERCADO LP";"0,0070";"2022-10-01";"2026-06-01";"45";"0,011640520720932468";"0,688888888888889";"0,675000000000000";"10";"1,000000000000000";"0,00879289491335605";"-0,00772866221770663";"-0,00513264793303310";"0,39585910911759820";"-0,00933713739076425";"3";"1";"0,674881797172606";"0,680179023850495";"0,888324643194418";"Bocom BBM Corporate Credit II";"38";"IRF-M 1";"0,00884883282562702";"IDA-DI";"0,797205634306080";"0,8000000000000000";"0,24444444444444444";"0,80222222222222217";"0,2000000000000000";"1,6629315315617812";"0,6000000000000000";"0,4000000000000000";"0,5888888888888889";"0,540444444444445";"2";"Q2 - Aprovado";NA;TRUE
"Integral FIRF CP";"Integral";"INTEGRAL FIF RENDA FIXA";"0,0075";"2012-05-01";"2026-06-01";"170";"0,014602093262450877";"0,823529411764706";"0,836363636363636";"135";"0,977777777777778";"0,01767087248852967";"-0,03572612257294316";"-0,02836808600927698";"0,30149877106975798";"-0,04884309861743696";"8";"1";"0,699510452428344";"0,711204029607037";"0,913061565065470";"Porto Seguro Ipê";"79";"IDA-DI";"0,01565732321856873";"IDA-DI";"0,596169809781141";"0,9333333333333333";"0,59555555555555562";"0,21111111111111114";"0,1333333333333333";"1,9469457683267837";"0,7777777777777778";"0,4555555555555555";"0,4666666666666667";"0,538333333333333";"2";"Q2 - Aprovado";"Cauda negativa";FALSE
"ARX Everest Advisory FIC de FIF RF CP RL";"ARX Everest Advisory";"ARX EVEREST ADVISORY RESP LIMITADA FIF CIC RENDA FIXA CRÉDITO PRIVADO";"0,0070";"2020-02-01";"2026-06-01";"77";"0,012248292710359543";"0,740259740259740";"0,708333333333333";"42";"0,976190476190476";"0,01824009328672104";"-0,02216573153830848";"-0,01835877192481531";"0,35907295110312248";"-0,03692482903035599";"13";"1";"0,598836645423030";"0,648359149405880";"0,822531783408792";"Iridium Titan Advisory";"77";"IDA-DI";"0,01918242782428473";"IDA-DI";"0,661843363554883";"0,8444444444444444";"0,31111111111111112";"0,36666666666666670";"0,2000000000000000";"1,7497561014799350";"0,6888888888888889";"0,4444444444444444";"0,8000000000000000";"0,511111111111111";"2";"Q2 - Aprovado";NA;TRUE
"BNP Paribas Rubi FIF RF CP RL";"BNP Paribas Rubi";"BNP PARIBAS RUBI RESP LIMITADA FIF CIC RENDA FIXA CRÉDITO PRIVADO";"0,0040";"2015-01-01";"2026-06-01";"138";"0,005712338450646337";"0,847826086956522";"0,902255639097744";"103";"0,805825242718447";"0,00966191735372636";"-0,02875736712192745";"-0,01255073710242627";"0,20843877182201595";"-0,03831212111917581";"22";"1";"0,709753606851130";"0,739293366690782";"0,972859995993885";"BNP Paribas Match Plus 30 Advisory";"39";"IRF-M 1";"0,01141574350349326";"IDA-DI";"0,871075049090016";"0,2444444444444444";"0,56444444444444453";"0,59777777777777774";"0,8888888888888888";"1,4280846126615843";"0,4888888888888889";"0,6888888888888889";"0,2111111111111111";"0,502888888888889";"2";"Q2 - Aprovado";NA;TRUE
"Arx Vinson Advisory FIC de FIF RF CP RL";"Arx Vinson Advisory";"ARX VINSON ADVISORY RESP LIMITADA FIF CIC RENDA FIXA CRÉDITO PRIVADO";"0,0050";"2021-08-01";"2026-06-01";"59";"0,006900793551405382";"0,728813559322034";"0,759259259259259";"24";"1,000000000000000";"0,00900820785460179";"-0,00892227448091598";"-0,00792041813384300";"0,57885651935805238";"-0,02531607622128795";"16";"1";"0,675031858991690";"0,707466707495024";"0,887422642484216";"XP Corporate Top";"59";"IDA-DI";"0,00730335889016542";"IDA-DI";"0,847011790098257";"0,3555555555555556";"0,34222222222222221";"0,72444444444444445";"0,6000000000000000";"1,3801587102810764";"0,4666666666666667";"0,5333333333333333";"0,5888888888888889";"0,493777777777778";"2";"Q2 - Aprovado";NA;TRUE
"BTG Pactual Crédito Corporativo I FIF em Cotas de FIRF";"BTG Pactual Crédito Corporativo I";"BTG PACTUAL CRÉDITO CORPORATIVO I FIF CIC RENDA FIXA";"0,0050";"2012-01-01";"2026-06-01";"174";"0,008522789664149322";"0,873563218390805";"0,822485207100592";"139";"0,863309352517986";"0,01474228854547049";"-0,03194149364248322";"-0,02615489120957922";"0,56894717588220567";"-0,07129162486603235";"22";"1";"0,720194456394844";"0,777986967901783";"0,917544956951213";"AF Invest Geraes 30";"99";"IDA-DI";"0,01148473928394038";"IDA-DI";"0,746823793823544";"0,5333333333333333";"0,60888888888888892";"0,17777777777777778";"0,6000000000000000";"1,7045579328298643";"0,6222222222222222";"0,6111111111111112";"0,4000000000000000";"0,487222222222222";"2";"Q2 - Aprovado";"Cauda negativa";FALSE
"Valora Absolute FIF RF CP LP RL";"Valora Absolute";"VALORA ABSOLUTE RESP LIMITADA FIF RENDA FIXA CRÉDITO PRIVADO LP";"0,0050";"2009-02-01";"2026-06-01";"209";"0,005582590206246962";"0,889952153110048";"0,877450980392157";"174";"0,965517241379310";"0,01127728055474708";"-0,03056227665867706";"-0,02014267742842439";"0,44451772480782964";"-0,04779351297568457";"9";"1";"0,742606100499895";"0,790827421804504";"0,909140539679390";"Selection Light";"118";"IDA-DI";"0,00896079969087760";"IDA-DI";"0,826641021229741";"0,2222222222222222";"0,74222222222222223";"0,38666666666666660";"0,6000000000000000";"1,1165180412493925";"0,3111111111111111";"0,4555555555555555";"0,3444444444444444";"0,455666666666667";"3";"Q3 - Observação";NA;FALSE
"XP Corporate Plus FIC FIF Multi CP RL";"XP Corporate Plus";"XP CORPORATE PLUS RESP LIMITADA FIF CIC MULTIMERCADO CRÉDITO PRIVADO";"0,0075";"2016-07-01";"2026-06-01";"120";"0,011518561926476378";"0,775000000000000";"0,756521739130435";"85";"0,941176470588235";"0,01944311025020497";"-0,03911834123029490";"-0,02373182215709561";"0,37192594833435122";"-0,05524096618930352";"13";"1";"0,681456195991835";"0,773780576250607";"0,890942098166155";"Selection Light";"118";"IDA-DI";"0,01313279969152326";"IDA-DI";"0,781302562043386";"0,7777777777777778";"0,39555555555555560";"0,17555555555555555";"0,1333333333333333";"1,5358082568635172";"0,5777777777777777";"0,3555555555555555";"0,5555555555555556";"0,434000000000000";"3";"Q3 - Observação";NA;FALSE
"XP Corporate Top CP FIF FIRF LP RL";"XP Corporate Top";"XP CORPORATE TOP RESP LIMITADA FIF RENDA FIXA CRÉDITO PRIVADO LP";"0,0075";"2003-03-01";"2026-06-01";"280";"0,007168237599647354";"0,857142857142857";"0,854545454545454";"245";"0,934693877551020";"0,00882854473206779";"-0,02431767074248947";"-0,01821522995571171";"0,46059838963097904";"-0,04390234278853833";"16";"1";"0,729185153876523";"0,770405879453253";"0,938231946855498";"Selection Light";"118";"IDA-DI";"0,01062558159888030";"IDA-DI";"0,743548964935755";"0,4444444444444444";"0,64888888888888885";"0,51555555555555554";"0,1333333333333333";"0,9557650132863138";"0,2444444444444444";"0,1888888888888889";"0,3111111111111111";"0,432555555555556";"3";"Q3 - Observação";NA;FALSE
"Safra Polaris Classe de Investimento RF CP RL";"Safra Polaris";"SAFRA POLARIS RESP LIMITADA FIF RENDA FIXA CRÉDITO PRIVADO";"0,0060";"2019-08-01";"2026-06-01";"83";"0,008201172852079663";"0,759036144578313";"0,705128205128205";"48";"1,000000000000000";"0,01393819983872835";"-0,03087662025983651";"-0,01286300386837735";"0,13336491400395442";"-0,03255976251783232";"9";"1";"0,729792614198809";"0,757518239905808";"0,931531918286749";"Principal Claritas";"83";"IDA-DI";"0,01264959828515876";"IDA-DI";"0,927994746201549";"0,5111111111111111";"0,35999999999999999";"0,53111111111111109";"0,3111111111111111";"1,3668621420132772";"0,4444444444444444";"0,3777777777777778";"0,3444444444444444";"0,427333333333333";"3";"Q3 - Observação";NA;FALSE
"Augme 30 Advisory CIC RF CP LP RL";"Augme 30 Advisory";"AUGME 30 ADVISORY FIF CIC RENDA FIXA";"0,0060";"2019-06-01";"2026-06-01";"85";"0,006956948333098456";"0,764705882352941";"0,762500000000000";"50";"1,000000000000000";"0,01486107502358732";"-0,02469619949974300";"-0,01760281840116492";"0,17795370716370484";"-0,02866113154516592";"12";"1";"0,648000089775269";"0,707044592874921";"0,912069506040159";"Sparta Max Advisory";"85";"IDA-DI";"0,01396984066122067";"IDA LIQ-DI";"0,863511471606282";"0,4000000000000000";"0,43555555555555558";"0,48222222222222222";"0,3111111111111111";"1,1594913888497427";"0,3333333333333333";"0,3222222222222222";"0,5777777777777777";"0,423666666666667";"3";"Q3 - Observação";NA;FALSE
"SPX Seahawk Advisory FIC FIRF CP LP";"SPX Seahawk Advisory";"SPX SEAHAWK ADVISORY RESP LIMITADA FIF CIC RENDA FIXA CRÉDITO PRIVADO LP";"0,0060";"2020-01-01";"2026-06-01";"78";"0,008970721182759656";"0,833333333333333";"0,726027397260274";"43";"1,000000000000000";"0,02166777685869560";"-0,04248267063740008";"-0,02311688204168124";"0,25017666919891368";"-0,04501796188486751";"9";"1";"0,742355544002515";"0,777986967901783";"0,945709029100236";"Sparta Top";"78";"IDA-DI";"0,00799651437653851";"IDA-DI";"0,950426756940678";"0,5777777777777777";"0,52888888888888885";"0,22444444444444445";"0,3111111111111111";"1,4951201971266093";"0,5111111111111111";"0,4111111111111111";"0,2222222222222222";"0,417666666666667";"3";"Q3 - Observação";NA;FALSE
"JGP Corporate FIC de FIF RF CP LP FEEDER II RL";"JGP Corporate FEEDER II";"JGP CORPORATE FEEDER III RESP LIMITADA FIF CIC RENDA FIXA CRÉDITO PRIVADO LP";"0,0060";"2016-07-01";"2026-06-01";"120";"0,009165065206993672";"0,825000000000000";"0,773913043478261";"85";"0,905882352941176";"0,01765490283492915";"-0,04566457848408934";"-0,02187795998374139";"0,29006529302363293";"-0,05762343980184326";"13";"1";"0,738794123834975";"0,775317775511588";"0,967379631320420";"JGP Crédito Advisory";"102";"IDA-DI";"0,00779895629688133";"IDA-DI";"0,923801730888230";"0,6222222222222222";"0,47111111111111115";"0,22666666666666668";"0,3111111111111111";"1,5275108678322786";"0,5555555555555556";"0,4333333333333333";"0,1666666666666667";"0,412555555555556";"3";"Q3 - Observação";NA;FALSE
"Mag High Grade Plus 30 FIF RF CP LP RL";"Mag High Grade Plus 30";"MAG HIGH GRADE PLUS 30 RESP LIMITADA FIF RENDA FIXA CRÉDITO PRIVADO LP";"0,0064";"2023-06-01";"2026-06-01";"37";"0,002234192177385408";"0,567567567567568";"0,718750000000000";"2";"1,000000000000000";"0,00327725485163680";"-0,00297420874902776";"-0,00197843287485196";"0,09172964030663076";"-0,00478380927294630";"5";"4";"0,274384663707503";"0,281093135211874";"0,587825130302255";"Principal Claritas";"37";"IRF-M 1";"0,00353139772148252";"IRF-M 1";"0,503029204699157";"0,0666666666666667";"0,24888888888888888";"0,96222222222222220";"0,2888888888888889";"0,3490925277164700";"0,0666666666666667";"0,1777777777777778";"0,9777777777777777";"0,410222222222222";"3";"Q3 - Observação";NA;FALSE
"Safra Grand Vitesse FIRF CP";"Safra Grand Vitesse";"SAFRA GRAND VITESSE RESP LIMITADA FIF RENDA FIXA CRÉDITO PRIVADO";"0,0025";"2018-09-01";"2026-06-01";"94";"0,005553038222833484";"0,755319148936170";"0,741573033707865";"59";"0,915254237288136";"0,01934925807763453";"-0,04125328428938868";"-0,02308838119680501";"0,37773122015123645";"-0,07009839518948091";"21";"1";"0,696972060808115";"0,769689663061039";"0,970459172210985";"Safra Vitesse";"94";"IDA-DI";"0,01449095151575964";"IDA-DI";"0,775116351960321";"0,2000000000000000";"0,28888888888888892";"0,16000000000000000";"1,0000000000000000";"2,2212152891333936";"0,8666666666666667";"0,9333333333333333";"0,2777777777777778";"0,405333333333333";"3";"Q3 - Observação";NA;FALSE
"Tivio Institucional 15";"Tivio Institucional 15";"TIVIO INSTITUCIONAL 15 RESP LIMITADA FIF RENDA FIXA CRÉDITO PRIVADO LP";"0,0050";"2002-03-01";"2026-06-01";"292";"0,005925157248311219";"0,780821917808219";"0,696864111498258";"257";"0,766536964980545";"0,02148017156140635";"-0,02444734451107922";"-0,01720454533733977";"-0,02152794079817320";"-0,05125997518964476";"10";"5";"0,263406239927890";"0,205873291723844";"0,793349633121120";"Arx Vinson Advisory";"59";"IRF-M 1";"0,02281471977169095";"IDA LIQ-DI";"0,302896224935023";"0,2666666666666667";"0,26222222222222219";"0,27555555555555555";"0,6000000000000000";"1,1850314496622438";"0,3555555555555556";"0,4777777777777777";"0,9444444444444444";"0,387888888888889";"3";"Q3 - Observação";NA;FALSE
"Safra Vitesse Classe de Investimento RF CP RL";"Safra Vitesse";"SAFRA VITESSE RESP LIMITADA FIF RENDA FIXA CRÉDITO PRIVADO";"0,0050";"2011-09-01";"2026-06-01";"178";"0,006379703761300703";"0,842696629213483";"0,861271676300578";"143";"0,832167832167832";"0,01433996012999645";"-0,04043299082601348";"-0,02375078657792044";"0,48934870403476366";"-0,07609832305205266";"23";"1";"0,702332210988921";"0,757548822333321";"0,970459172210985";"Safra Grand Vitesse";"94";"IDA-DI";"0,01106932612742137";"IDA-DI";"0,755007523648731";"0,2888888888888889";"0,54666666666666663";"0,18444444444444444";"0,6000000000000000";"1,2759407522601407";"0,4222222222222222";"0,5111111111111111";"0,2444444444444445";"0,383555555555555";"3";"Q3 - Observação";"Drawdown extremo";FALSE
"Riza Lotus Plus Advisory FIF RF";"Riza Lotus Plus Advisory";"RIZA LÓTUS PLUS ADVISORY FIF CIC RENDA FIXA";"0,0050";"2021-11-01";"2026-06-01";"56";"0,004124906827828845";"0,732142857142857";"0,607843137254902";"21";"0,809523809523810";"0,01175508065153018";"-0,01784050002469750";"-0,00996775027425075";"0,28139402438971461";"-0,03050551657645384";"21";"5";"0,485486306427950";"0,424266187209105";"0,800838423708380";"Sparta Top";"56";"IDA-DI";"0,01029946944243033";"IDA LIQ-DI";"0,861963042839408";"0,1555555555555556";"0,14666666666666667";"0,59999999999999998";"0,6000000000000000";"0,8249813655657690";"0,1555555555555556";"0,3777777777777778";"0,9000000000000000";"0,372222222222222";"4";"Q4 - Descartado";NA;FALSE
"XP Corporate Light FIRF CP LP";"XP Corporate Light";"XP CORPORATE LIGHT RESP LIMITADA FIF CIC RENDA FIXA CRÉDITO PRIVADO LP";"0,0050";"2009-11-01";"2026-06-01";"200";"0,004488221244995039";"0,790000000000000";"0,779487179487179";"165";"0,848484848484849";"0,01027973128452519";"-0,02662153614316676";"-0,01816478221688141";"0,44895494663497609";"-0,04650813491870787";"18";"1";"0,726441360014458";"0,802668493665062";"0,942224003125551";"Selection Light";"118";"IDA-DI";"0,01078115966440525";"IDA-DI";"0,741356710759160";"0,1777777777777778";"0,40000000000000002";"0,44888888888888889";"0,6000000000000000";"0,8976442489990077";"0,2222222222222222";"0,4111111111111111";"0,3111111111111111";"0,359222222222222";"4";"Q4 - Descartado";NA;FALSE
"SulAmérica Crédito Ativo FIRF CP LP";"SulAmérica Crédito Ativo";"SULAMÉRICA CRÉDITO ATIVO RESP LIMITADA FIF RENDA FIXA CRÉDITO PRIVADO LP";"0,0060";"2012-04-01";"2026-06-01";"171";"0,006625557102764468";"0,777777777777778";"0,807228915662651";"136";"0,860294117647059";"0,01109739734383770";"-0,03168119046356033";"-0,01831115676673900";"0,41617799141335721";"-0,05235852646447758";"21";"1";"0,757353489858436";"0,818852575145685";"0,936679332076275";"Porto Seguro Ipê";"79";"IDA-DI";"0,01039152232365277";"IDA-DI";"0,811115514077546";"0,3333333333333333";"0,39111111111111113";"0,37777777777777777";"0,3111111111111111";"1,1042595171274112";"0,2888888888888889";"0,3000000000000000";"0,2333333333333333";"0,338333333333333";"4";"Q4 - Descartado";NA;FALSE
"Selection RF Light FIC FIRF CP LP";"Selection Light";"SELECTION RF LIGHT FIC RENDA FIXA CRÉDITO PRIVADO LP";"0,0031";"2016-09-01";"2026-06-01";"118";"0,002733413318199762";"0,771186440677966";"0,716814159292035";"83";"0,807228915662651";"0,01220889965131822";"-0,02819538942459066";"-0,01766119751004987";"0,43963192195680983";"-0,04475988748843596";"23";"1";"0,771777689809434";"0,861540252092985";"0,948240200481326";"Porto Seguro Ipê";"79";"IDA-DI";"0,01134432021721474";"IDA-DI";"0,883423927034577";"0,0888888888888889";"0,26222222222222225";"0,43333333333333335";"0,9555555555555556";"0,8817462316773427";"0,2000000000000000";"0,5777777777777778";"0,1333333333333333";"0,327777777777778";"4";"Q4 - Descartado";NA;FALSE
"Plural Crédito Corporativo II FIC de FIF RF CP LP RL";"Plural Crédito Corporativo II";"PLURAL CRÉDITO CORPORATIVO II RESP LIMITADA FIF CIC RENDA FIXA CRÉDITO PRIVADO LP";"0,0050";"2013-10-01";"2026-06-01";"153";"0,003724357572653991";"0,849673202614379";"0,810810810810811";"118";"0,694915254237288";"0,01646976010915072";"-0,05244441727214333";"-0,02446721908705522";"0,33601892452471604";"-0,07234257853639103";"47";"1";"0,760953589031682";"0,804516695034527";"0,949774428535261";"Porto Seguro Ipê";"79";"IDA-DI";"0,00852745034169763";"IDA-DI";"0,880453622082541";"0,1333333333333333";"0,46666666666666667";"0,15555555555555556";"0,6000000000000000";"0,7448715145307983";"0,1333333333333333";"0,3666666666666666";"0,1222222222222222";"0,278333333333333";"4";"Q4 - Descartado";"Drawdown extremo";FALSE
"BB Asset RF CP LP FIC FIF RL";"BB Asset";"BB ASSET RESP LIMITADA FIF CIC RENDA FIXA CRÉDITO PRIVADO LP";"0,0050";"2022-06-01";"2026-06-01";"49";"-0,003748556238243106";"0,632653061224490";"0,477272727272727";"14";"0,214285714285714";"0,01130280902705532";"-0,00855347472284906";"-0,00780962226000167";"0,42694646195502617";"-0,02777977244329555";NA;"1";"0,673918479490469";"0,699950656798409";"0,834548758482445";"Valora Absolute";"49";"IDA-DI";"0,00740998521807546";"IDA-DI";"0,858923447071726";"0,0000000000000000";"0,00888888888888889";"0,64666666666666661";"0,6000000000000000";"-0,7497112476486212";"0,0000000000000000";"0,3000000000000000";"0,7000000000000000";"0,276555555555556";"4";"Q4 - Descartado";"Baixa consistência em janelas de 36 meses";FALSE
"AZ Quest Altro Advisory FIC de FIF Multimercado CP";"AZ Quest Altro Advisory";"AZ QUEST ALTRO ADVISORY FIF CIC MULTIMERCADO CRÉDITO PRIVADO";"0,0080";"2019-10-01";"2026-06-01";"81";"0,006943712340960806";"0,753086419753086";"0,776315789473684";"46";"1,000000000000000";"0,02720297795085474";"-0,05171911849976862";"-0,02932909621756974";"0,37553372260262485";"-0,06246422992448830";"11";"1";"0,752040251545728";"0,797239148595322";"0,933512411011559";"Porto Seguro Ipê";"79";"IDA-DI";"0,01005033327242582";"IDA-DI";"0,929975193142807";"0,3777777777777778";"0,39555555555555555";"0,08222222222222222";"0,0888888888888889";"0,8679640426201007";"0,1777777777777778";"0,1333333333333333";"0,2555555555555555";"0,249777777777778";"4";"Q4 - Descartado";"Cauda negativa";FALSE
"Capitânia Premium 45 FIC de FIF RF CP LP RL";"Capitânia Premium 45";"CAPITÂNIA PREMIUM 45 RESP LIMITADA FIF CIC RENDA FIXA CRÉDITO PRIVADO LP";"0,0055";"2014-11-01";"2026-06-01";"140";"0,000548715701705227";"0,635714285714286";"0,659259259259259";"105";"0,742857142857143";"0,01468192551908862";"-0,02113135416227241";"-0,01713086680833768";"0,45043088732940362";"-0,09303666750215300";NA;"2";"0,503520731690277";"0,512910954225394";"0,690475737948984";"AF Invest Geraes 30";"99";"IRF-M 1";"0,01548037800820333";"IDA-DI";"0,508165387615484";"0,0444444444444444";"0,05333333333333333";"0,26000000000000001";"0,5777777777777777";"0,0997664912191322";"0,0444444444444444";"0,3111111111111111";"0,9333333333333333";"0,245333333333333";"4";"Q4 - Descartado";"Drawdown extremo";FALSE
"AF Invest Geraes 30 FIRF CP";"AF Invest Geraes 30";"AF INVEST GERAES 30 FIF RENDA FIXA";"0,0050";"2018-04-01";"2026-06-01";"99";"0,003243475698695208";"0,757575757575758";"0,691489361702128";"64";"0,781250000000000";"0,01901874305352775";"-0,03274894288777930";"-0,02610391992071048";"0,50219954036167858";"-0,05964547369492690";"24";"1";"0,702048257297598";"0,779485856669727";"0,933468965120028";"Selection Light";"99";"IDA-DI";"0,01402089254806764";"IDA-DI";"0,782675297440504";"0,1111111111111111";"0,17777777777777778";"0,15111111111111111";"0,6000000000000000";"0,6486951397390417";"0,1111111111111111";"0,3555555555555555";"0,4111111111111111";"0,226888888888889";"4";"Q4 - Descartado";NA;FALSE
"JGP Crédito Advisory FIF Multimercado CP RL";"JGP Crédito Advisory";"JGP CRÉDITO ADVISORY RESP LIMITADA FIF MULTIMERCADO CRÉDITO PRIVADO";"0,0110";"2018-01-01";"2026-06-01";"102";"0,006459503565982461";"0,735294117647059";"0,762886597938144";"67";"0,925373134328358";"0,03046634334978810";"-0,07940308586545419";"-0,03417895888079159";"0,20718824367635211";"-0,08959389713187027";"23";"1";"0,709777577824981";"0,728291909108704";"0,967379631320420";"JGP Corporate FEEDER II";"102";"IDA-DI";"0,01421390413434020";"IDA-DI";"0,912945937067022";"0,3111111111111111";"0,30666666666666664";"0,00888888888888889";"0,0000000000000000";"0,5872275969074964";"0,0888888888888889";"0,0444444444444444";"0,2444444444444445";"0,176222222222222";"4";"Q4 - Descartado";"Drawdown extremo";FALSE
"Inter Premium FIF RF CP LP RL";"Inter Premium";"INTER PREMIUM RESP LIMITADA FIF RENDA FIXA CRÉDITO PRIVADO LP";"0,0060";"2017-11-01";"2026-06-01";"104";"-0,000979002970895260";"0,711538461538462";"0,696969696969697";"69";"0,507246376811594";"0,02044290565047840";"-0,03852417974076772";"-0,02988541919843117";"0,40295403516588696";"-0,07423231819114751";NA;"1";"0,688451093328011";"0,773010658608198";"0,928350736670073";"XP Corporate Light";"104";"IDA-DI";"0,01424544718002149";"IDA-DI";"0,773432414010470";"0,0222222222222222";"0,08888888888888889";"0,06000000000000000";"0,3111111111111111";"-0,1631671618158766";"0,0222222222222222";"0,1666666666666667";"0,4666666666666667";"0,127000000000000";"4";"Q4 - Descartado";"Drawdown extremo";FALSE
