"horizonte_meses";"mes_inicio";"mes_fim";"nome_plot";"ranking_geral";"rank_oficial_subset";"rank_teste_subset";"delta_rank_subset";"hit_rate_mensal";"hit_mensal_longo";"hit_rate_6m";"hit_6m_longo";"hit_rate_12m";"hit_12m_longo";"n_meses_observados";"n_janelas_6m";"n_janelas_12m";"nota_consistencia";"nota_consistencia_longa";"nota_final";"score_teste";"status_quantitativo";"status_teste";"aprovado_quantitativo";"aprovado_teste";"zona_fronteira";"fronteira_teste"
"48";"2022-09-01";"2026-08-01";"Tivio Institucional 15";"1";"1";"1";"0";"0,805555555555556";"0,770833333333333";"0,870967741935484";"0,744186046511628";"1,00";"0,864864864864865";"48";"43";"37";"71,46794532864901";"57,86145479104966";"76,3895678719554";"72,9879452375556";"Aprovado quantitativo com margem";"Aprovado com margem";TRUE;TRUE;FALSE;FALSE
"48";"2022-09-01";"2026-08-01";"Daycoval Classic 30";"2";"2";"2";"0";"0,916666666666667";"0,854166666666667";"0,870967741935484";"0,767441860465116";"1,00";"0,864864864864865";"48";"43";"37";"75,88257709148721";"63,00816689679563";"72,7906841890250";"69,5720816403521";"Aprovado quantitativo com margem";"Aprovado com margem";TRUE;TRUE;FALSE;FALSE
"48";"2022-09-01";"2026-08-01";"BNP Paribas Rubi";"3";"3";"3";"0";"0,861111111111111";"0,833333333333333";"0,967741935483871";"0,953488372093023";"1,00";"1,000000000000000";"48";"43";"37";"76,44737455765193";"74,94349368691567";"66,5687687716087";"66,1927985539246";"Aprovado quantitativo com margem";"Aprovado com margem";TRUE;TRUE;FALSE;FALSE
"48";"2022-09-01";"2026-08-01";"SulAmérica Crédito ESG";"4";"4";"4";"0";"0,805555555555556";"0,770833333333333";"0,838709677419355";"0,767441860465116";"0,96";"0,972972972972973";"48";"43";"37";"68,44755173426310";"64,77435579990164";"66,5068635074263";"65,5885645238360";"Aprovado quantitativo com margem";"Aprovado com margem";TRUE;TRUE;FALSE;FALSE
"48";"2022-09-01";"2026-08-01";"SulAmérica Crédito Ativo";"5";"5";"6";"1";"0,805555555555556";"0,770833333333333";"0,838709677419355";"0,767441860465116";"0,96";"0,972972972972973";"48";"43";"37";"68,44755173426310";"64,77435579990164";"65,2881716830623";"64,3698726994719";"Aprovado quantitativo com margem";"Aprovado com margem";TRUE;TRUE;FALSE;FALSE
"48";"2022-09-01";"2026-08-01";"Compass Yield 30";"6";"6";"5";"-1";"0,833333333333333";"0,791666666666667";"0,806451612903226";"0,790697674418605";"0,80";"0,864864864864865";"48";"43";"37";"59,40172995483952";"60,68493241844041";"64,7012368268607";"65,0220374427609";"Aprovado quantitativo com margem";"Aprovado com margem";TRUE;TRUE;FALSE;FALSE
"48";"2022-09-01";"2026-08-01";"BTG Pactual Crédito Corporativo I";"7";"7";"7";"0";"0,750000000000000";"0,729166666666667";"0,774193548387097";"0,697674418604651";"0,76";"0,729729729729730";"48";"43";"37";"51,11943972052420";"45,30020378466078";"63,9044122930472";"62,4496033090814";"Aprovado quantitativo com margem";"Aprovado com margem";TRUE;TRUE;FALSE;FALSE
"48";"2022-09-01";"2026-08-01";"Porto Seguro Ipê";"9";"8";"8";"0";"0,750000000000000";"0,729166666666667";"0,806451612903226";"0,744186046511628";"0,88";"0,918918918918919";"48";"43";"37";"59,64141157352216";"58,50975148771303";"59,3094720932414";"59,0265570717891";"Aprovado quantitativo com margem";"Aprovado com margem";TRUE;TRUE;FALSE;FALSE
"48";"2022-09-01";"2026-08-01";"Sparta Max Advisory";"10";"9";"10";"1";"0,666666666666667";"0,666666666666667";"0,709677419354839";"0,674418604651163";"0,60";"0,594594594594595";"48";"43";"37";"34,46288564451282";"32,96737343992687";"57,3063904993819";"56,9325124482354";"Zona cinzenta: nota próxima ao corte";"Zona cinzenta";NA;FALSE;TRUE;TRUE
"48";"2022-09-01";"2026-08-01";"JGP Crédito Advisory";"12";"10";"15";"5";"0,750000000000000";"0,750000000000000";"0,870967741935484";"0,767441860465116";"1,00";"0,864864864864865";"48";"43";"37";"68,21778563029417";"57,41158680648913";"56,7606286768509";"54,0590789708997";"Zona cinzenta: nota próxima ao corte e pilar abaixo do mínimo";"Zona cinzenta";NA;FALSE;TRUE;TRUE
"48";"2022-09-01";"2026-08-01";"JGP Corporate FEEDER II";"13";"11";"11";"0";"0,750000000000000";"0,750000000000000";"0,709677419354839";"0,651162790697674";"0,64";"0,648648648648649";"48";"43";"37";"41,45031897101821";"40,02351075683738";"56,7544409929467";"56,3977389394015";"Zona cinzenta: nota próxima ao corte";"Zona cinzenta";NA;FALSE;TRUE;TRUE
"48";"2022-09-01";"2026-08-01";"Polo Crédito Corporativo Advisory";"14";"12";"9";"-3";"0,777777777777778";"0,770833333333333";"0,806451612903226";"0,860465116279070";"0,80";"0,864864864864865";"48";"43";"37";"56,40495917388886";"61,69370720583898";"56,7310895937976";"58,0532766017851";"Zona cinzenta: nota próxima ao corte e pilar abaixo do mínimo";"Zona cinzenta";NA;FALSE;TRUE;TRUE
"48";"2022-09-01";"2026-08-01";"Root Capital Crédito HG Plus";"15";"13";"12";"-1";"0,805555555555556";"0,791666666666667";"0,870967741935484";"0,906976744186046";"1,00";"1,000000000000000";"48";"43";"37";"71,46794532864901";"71,66962714884875";"55,8943128509493";"55,9447333059992";"Zona cinzenta: nota próxima ao corte e pilar abaixo do mínimo";"Zona cinzenta";NA;FALSE;TRUE;TRUE
"48";"2022-09-01";"2026-08-01";"Sparta Top";"16";"14";"13";"-1";"0,694444444444444";"0,687500000000000";"0,677419354838710";"0,651162790697674";"0,56";"0,567567567567568";"48";"43";"37";"32,59143769902717";"31,77421115173847";"55,4575409256010";"55,2532342887789";"Zona cinzenta: nota próxima ao corte";"Zona cinzenta";NA;FALSE;TRUE;TRUE
"48";"2022-09-01";"2026-08-01";"BOCOM BBM Corporate Credit Plus MULT";"18";"15";"16";"1";"0,750000000000000";"0,708333333333333";"0,903225806451613";"0,813953488372093";"1,00";"1,000000000000000";"48";"43";"37";"69,09674504956128";"63,98317317707820";"53,8100405387677";"52,5316475706470";"Zona cinzenta: nota próxima ao corte e pilar abaixo do mínimo";"Zona cinzenta";NA;FALSE;TRUE;TRUE
"48";"2022-09-01";"2026-08-01";"Selection Light";"19";"16";"18";"2";"0,750000000000000";"0,729166666666667";"0,774193548387097";"0,697674418604651";"0,72";"0,675675675675676";"48";"43";"37";"48,59607557064771";"41,93503094457371";"53,2435124826526";"51,5782513261341";"Zona cinzenta: nota próxima ao corte";"Não aprovado";NA;FALSE;TRUE;FALSE
"48";"2022-09-01";"2026-08-01";"Safra Grand Vitesse";"20";"17";"14";"-3";"0,722222222222222";"0,729166666666667";"0,741935483870968";"0,744186046511628";"0,72";"0,810810810810811";"48";"43";"37";"45,80621109117570";"52,02117461680767";"52,5372678907064";"54,0910087721144";"Zona cinzenta: nota próxima ao corte";"Zona cinzenta";NA;FALSE;TRUE;TRUE
"48";"2022-09-01";"2026-08-01";"Principal Claritas";"22";"18";"17";"-1";"0,750000000000000";"0,729166666666667";"0,612903225806452";"0,581395348837209";"0,92";"0,945945945945946";"48";"43";"37";"55,53428008446573";"54,85703757308364";"51,8662131234397";"51,6969024955941";"Não aprovado quantitativamente";"Não aprovado";FALSE;FALSE;FALSE;FALSE
"48";"2022-09-01";"2026-08-01";"Arx Vinson Advisory";"23";"19";"21";"2";"0,666666666666667";"0,645833333333333";"0,806451612903226";"0,720930232558139";"0,80";"0,702702702702703";"48";"43";"37";"50,06733887504258";"40,06712267767396";"51,1560576778821";"48,6560036285399";"Não aprovado quantitativamente";"Não aprovado";FALSE;FALSE;FALSE;FALSE
"48";"2022-09-01";"2026-08-01";"Atena Yield D30";"25";"20";"19";"-1";"0,888888888888889";"0,895833333333333";"0,870967741935484";"0,906976744186046";"1,00";"1,000000000000000";"48";"43";"37";"75,09233194313767";"76,28337192885708";"50,2797528037370";"50,5775128001668";"Não aprovado quantitativamente";"Não aprovado";FALSE;FALSE;FALSE;FALSE
"48";"2022-09-01";"2026-08-01";"Safra Vitesse";"27";"21";"20";"-1";"0,750000000000000";"0,770833333333333";"0,645161290322581";"0,674418604651163";"1,00";"1,000000000000000";"48";"43";"37";"60,75142692134056";"62,94916071291269";"49,7721572507152";"50,3215906986082";"Não aprovado quantitativamente";"Não aprovado";FALSE;FALSE;FALSE;FALSE
"48";"2022-09-01";"2026-08-01";"Iridium Titan Advisory";"28";"22";"25";"3";"0,750000000000000";"0,687500000000000";"0,838709677419355";"0,744186046511628";"0,84";"0,783783783783784";"48";"43";"37";"58,26143397519826";"47,95922903378668";"49,6103508230992";"47,0347995877463";"Não aprovado quantitativamente";"Não aprovado";FALSE;FALSE;FALSE;FALSE
"48";"2022-09-01";"2026-08-01";"Riza Lotus Plus Advisory";"29";"23";"23";"0";"0,750000000000000";"0,687500000000000";"0,645161290322581";"0,558139534883721";"0,52";"0,513513513513513";"48";"43";"37";"32,74825368194976";"26,40534505591994";"49,6052047934417";"48,0194776369343";"Não aprovado quantitativamente";"Não aprovado";FALSE;FALSE;FALSE;FALSE
"48";"2022-09-01";"2026-08-01";"XP Corporate Light";"30";"24";"24";"0";"0,666666666666667";"0,666666666666667";"0,677419354838710";"0,627906976744186";"0,76";"0,702702702702703";"48";"43";"37";"43,12163419503696";"37,95020646346955";"48,9275778796181";"47,6347209467263";"Não aprovado quantitativamente";"Não aprovado";FALSE;FALSE;FALSE;FALSE
"48";"2022-09-01";"2026-08-01";"Integral";"31";"25";"27";"2";"0,722222222222222";"0,708333333333333";"0,741935483870968";"0,674418604651163";"0,88";"0,783783783783784";"48";"43";"37";"55,75981654950979";"46,71552980609978";"48,0359269298612";"45,7748552440087";"Não aprovado quantitativamente";"Não aprovado";FALSE;FALSE;FALSE;FALSE
"48";"2022-09-01";"2026-08-01";"AF Invest Geraes 30";"32";"26";"26";"0";"0,638888888888889";"0,645833333333333";"0,580645161290323";"0,558139534883721";"0,76";"0,675675675675676";"48";"43";"37";"39,02558018750785";"33,47431316574281";"47,9067423928927";"46,5189256374515";"Não aprovado quantitativamente";"Não aprovado";FALSE;FALSE;FALSE;FALSE
"48";"2022-09-01";"2026-08-01";"Plural Crédito Corporativo II";"33";"27";"22";"-5";"0,694444444444444";"0,687500000000000";"0,580645161290323";"0,581395348837209";"0,76";"0,837837837837838";"48";"43";"37";"41,65468187177929";"46,18061926612621";"46,9843034834610";"48,1157878320478";"Não aprovado quantitativamente";"Não aprovado";FALSE;FALSE;FALSE;FALSE
"48";"2022-09-01";"2026-08-01";"Ibiuna Credit";"34";"28";"30";"2";"0,666666666666667";"0,645833333333333";"0,806451612903226";"0,674418604651163";"1,00";"0,837837837837838";"48";"43";"37";"61,54556134486150";"46,97129110864864";"45,0632300565462";"41,4196624974930";"Não aprovado quantitativamente";"Não aprovado";FALSE;FALSE;FALSE;FALSE
"48";"2022-09-01";"2026-08-01";"Augme 30 Advisory";"35";"29";"29";"0";"0,638888888888889";"0,666666666666667";"0,709677419354839";"0,674418604651163";"0,76";"0,702702702702703";"48";"43";"37";"43,00129889684953";"39,41681146073405";"43,9656581905998";"43,0695363315709";"Não aprovado quantitativamente";"Não aprovado";FALSE;FALSE;FALSE;FALSE
"48";"2022-09-01";"2026-08-01";"Safra Polaris";"36";"30";"28";"-2";"0,722222222222222";"0,708333333333333";"0,645161290322581";"0,604651162790698";"0,72";"0,810810810810811";"48";"43";"37";"42,55605139282086";"46,27421429248201";"43,6375213544821";"44,5670620793974";"Não aprovado quantitativamente";"Não aprovado";FALSE;FALSE;FALSE;FALSE
"48";"2022-09-01";"2026-08-01";"SPX Seahawk Advisory";"38";"31";"31";"0";"0,777777777777778";"0,750000000000000";"0,612903225806452";"0,581395348837209";"0,64";"0,621621621621622";"48";"43";"37";"40,02398443989144";"36,41404249576907";"42,0857157992922";"41,1832303132616";"Não aprovado quantitativamente";"Não aprovado";FALSE;FALSE;FALSE;FALSE
"48";"2022-09-01";"2026-08-01";"AZ Quest Altro Advisory";"39";"32";"32";"0";"0,722222222222222";"0,708333333333333";"0,806451612903226";"0,720930232558139";"0,76";"0,702702702702703";"48";"43";"37";"50,54074550611676";"43,18695566516126";"40,2226547545080";"38,3842072942692";"Não aprovado quantitativamente";"Não aprovado";FALSE;FALSE;FALSE;FALSE
"48";"2022-09-01";"2026-08-01";"Inter Premium";"41";"33";"33";"0";"0,638888888888889";"0,604166666666667";"0,612903225806452";"0,581395348837209";"0,72";"0,675675675675676";"48";"43";"37";"37,38117545689846";"32,55705647757861";"32,8675460666505";"31,6615163218205";"Não aprovado quantitativamente";"Não aprovado";FALSE;FALSE;FALSE;FALSE
"48";"2022-09-01";"2026-08-01";"Valora Absolute";"42";"34";"35";"1";"0,694444444444444";"0,687500000000000";"0,645161290322581";"0,604651162790698";"0,64";"0,594594594594595";"48";"43";"37";"36,06943929483273";"31,87333719091102";"31,9571837190318";"30,9081581930513";"Não aprovado quantitativamente";"Não aprovado";FALSE;FALSE;FALSE;FALSE
"48";"2022-09-01";"2026-08-01";"XP Corporate Top";"43";"35";"34";"-1";"0,611111111111111";"0,625000000000000";"0,516129032258065";"0,511627906976744";"0,48";"0,513513513513513";"48";"43";"37";"20,65818816858135";"22,62110843910316";"31,1172248282086";"31,6079548958391";"Não aprovado quantitativamente";"Não aprovado";FALSE;FALSE;FALSE;FALSE
"48";"2022-09-01";"2026-08-01";"XP Corporate Plus";"44";"36";"36";"0";"0,638888888888889";"0,604166666666667";"0,516129032258065";"0,465116279069767";"0,36";"0,432432432432432";"48";"43";"37";"16,93057312351296";"17,49797519136303";"26,0835256455055";"26,2253761624681";"Não aprovado quantitativamente";"Não aprovado";FALSE;FALSE;FALSE;FALSE
"48";"2022-09-01";"2026-08-01";"ARX Everest Advisory";"45";"37";"37";"0";"0,611111111111111";"0,604166666666667";"0,677419354838710";"0,534883720930233";"0,72";"0,621621621621622";"48";"43";"37";"38,39091927221544";"28,22065300868463";"24,4709031970128";"21,9283366311301";"Não aprovado quantitativamente";"Não aprovado";FALSE;FALSE;FALSE;FALSE
"48";"2022-09-01";"2026-08-01";"BB Asset";"46";"38";"38";"0";"0,583333333333333";"0,604166666666667";"0,451612903225806";"0,441860465116279";"0,44";"0,459459459459459";"48";"43";"37";"17,03263292973512";"18,29493205778361";"19,4018628698025";"19,7174376518147";"Reprovado por red flag absoluto";"Red flag absoluto";FALSE;FALSE;FALSE;FALSE
"48";"2022-09-01";"2026-08-01";"Capitânia Premium 45";"47";"39";"39";"0";"0,250000000000000";"0,312500000000000";"0,193548387096774";"0,232558139534884";"0,00";"0,135135135135135";"48";"43";"37";"3,12929135835393";"4,93637544327622";"10,6143140065248";"11,0660850277554";"Reprovado por red flag absoluto";"Red flag absoluto";FALSE;FALSE;FALSE;FALSE
"60";"2021-09-01";"2026-08-01";"Tivio Institucional 15";"1";"1";"1";"0";"0,805555555555556";"0,816666666666667";"0,870967741935484";"0,781818181818182";"1,00";"0,755102040816326";"60";"55";"49";"71,46794532864901";"54,91086025965672";"76,3895678719554";"72,2502966047073";"Aprovado quantitativo com margem";"Aprovado com margem";TRUE;TRUE;FALSE;FALSE
"60";"2021-09-01";"2026-08-01";"Daycoval Classic 30";"2";"2";"2";"0";"0,916666666666667";"0,883333333333333";"0,870967741935484";"0,800000000000000";"1,00";"0,775510204081633";"60";"55";"49";"75,88257709148721";"59,66924610438970";"72,7906841890250";"68,7373514422507";"Aprovado quantitativo com margem";"Aprovado com margem";TRUE;TRUE;FALSE;FALSE
"60";"2021-09-01";"2026-08-01";"BNP Paribas Rubi";"3";"3";"4";"1";"0,861111111111111";"0,866666666666667";"0,967741935483871";"0,963636363636364";"1,00";"1,000000000000000";"60";"55";"49";"76,44737455765193";"76,58153031363864";"66,5687687716087";"66,6023077106054";"Aprovado quantitativo com margem";"Aprovado com margem";TRUE;TRUE;FALSE;FALSE
"60";"2021-09-01";"2026-08-01";"SulAmérica Crédito ESG";"4";"4";"3";"-1";"0,805555555555556";"0,816666666666667";"0,838709677419355";"0,818181818181818";"0,96";"0,979591836734694";"60";"55";"49";"68,44755173426310";"69,40803246536318";"66,5068635074263";"66,7469836902014";"Aprovado quantitativo com margem";"Aprovado com margem";TRUE;TRUE;FALSE;FALSE
"60";"2021-09-01";"2026-08-01";"SulAmérica Crédito Ativo";"5";"5";"6";"1";"0,805555555555556";"0,816666666666667";"0,838709677419355";"0,818181818181818";"0,96";"0,979591836734694";"60";"55";"49";"68,44755173426310";"69,40803246536318";"65,2881716830623";"65,5282918658373";"Aprovado quantitativo com margem";"Aprovado com margem";TRUE;TRUE;FALSE;FALSE
"60";"2021-09-01";"2026-08-01";"Compass Yield 30";"6";"6";"5";"-1";"0,833333333333333";"0,833333333333333";"0,806451612903226";"0,836363636363636";"0,80";"0,897959183673469";"60";"55";"49";"59,40172995483952";"66,32984275714421";"64,7012368268607";"66,4332650274368";"Aprovado quantitativo com margem";"Aprovado com margem";TRUE;TRUE;FALSE;FALSE
"60";"2021-09-01";"2026-08-01";"BTG Pactual Crédito Corporativo I";"7";"7";"7";"0";"0,750000000000000";"0,766666666666667";"0,774193548387097";"0,745454545454545";"0,76";"0,653061224489796";"60";"55";"49";"51,11943972052420";"44,48105282659570";"63,9044122930472";"62,2448155695651";"Aprovado quantitativo com margem";"Aprovado com margem";TRUE;TRUE;FALSE;FALSE
"60";"2021-09-01";"2026-08-01";"Porto Seguro Ipê";"9";"8";"8";"0";"0,750000000000000";"0,783333333333333";"0,806451612903226";"0,800000000000000";"0,88";"0,877551020408163";"60";"55";"49";"59,64141157352216";"61,27729951364959";"59,3094720932414";"59,7184440782733";"Aprovado quantitativo com margem";"Aprovado com margem";TRUE;TRUE;FALSE;FALSE
"60";"2021-09-01";"2026-08-01";"Sparta Max Advisory";"10";"9";"10";"1";"0,666666666666667";"0,733333333333333";"0,709677419354839";"0,727272727272727";"0,60";"0,551020408163265";"60";"55";"49";"34,46288564451282";"36,05980774351694";"57,3063904993819";"57,7056210241329";"Zona cinzenta: nota próxima ao corte";"Zona cinzenta";NA;FALSE;TRUE;TRUE
"60";"2021-09-01";"2026-08-01";"JGP Crédito Advisory";"12";"10";"15";"5";"0,750000000000000";"0,750000000000000";"0,870967741935484";"0,818181818181818";"1,00";"0,795918367346939";"60";"55";"49";"68,21778563029417";"54,86318564203648";"56,7606286768509";"53,4219786797865";"Zona cinzenta: nota próxima ao corte e pilar abaixo do mínimo";"Zona cinzenta";NA;FALSE;TRUE;TRUE
"60";"2021-09-01";"2026-08-01";"JGP Corporate FEEDER II";"13";"11";"11";"0";"0,750000000000000";"0,783333333333333";"0,709677419354839";"0,727272727272727";"0,64";"0,632653061224490";"60";"55";"49";"41,45031897101821";"43,62115187006597";"56,7544409929467";"57,2971492177086";"Zona cinzenta: nota próxima ao corte";"Zona cinzenta";NA;FALSE;TRUE;TRUE
"60";"2021-09-01";"2026-08-01";"Polo Crédito Corporativo Advisory";"14";"12";"9";"-3";"0,777777777777778";"0,816666666666667";"0,806451612903226";"0,890909090909091";"0,80";"0,897959183673469";"60";"55";"49";"56,40495917388886";"67,09585029208040";"56,7310895937976";"59,4038123733455";"Zona cinzenta: nota próxima ao corte e pilar abaixo do mínimo";"Zona cinzenta";NA;FALSE;TRUE;TRUE
"60";"2021-09-01";"2026-08-01";"Sparta Top";"16";"13";"12";"-1";"0,694444444444444";"0,750000000000000";"0,677419354838710";"0,709090909090909";"0,56";"0,530612244897959";"60";"55";"49";"32,59143769902717";"35,38912001423873";"55,4575409256010";"56,1569615044039";"Zona cinzenta: nota próxima ao corte";"Zona cinzenta";NA;FALSE;TRUE;TRUE
"60";"2021-09-01";"2026-08-01";"BOCOM BBM Corporate Credit Plus MULT";"18";"14";"14";"0";"0,750000000000000";"0,750000000000000";"0,903225806451613";"0,854545454545454";"1,00";"1,000000000000000";"60";"55";"49";"69,09674504956128";"67,73612729174519";"53,8100405387677";"53,4698860993137";"Zona cinzenta: nota próxima ao corte e pilar abaixo do mínimo";"Zona cinzenta";NA;FALSE;TRUE;TRUE
"60";"2021-09-01";"2026-08-01";"Selection Light";"19";"15";"17";"2";"0,750000000000000";"0,783333333333333";"0,774193548387097";"0,745454545454545";"0,72";"0,632653061224490";"60";"55";"49";"48,59607557064771";"44,25431399998800";"53,2435124826526";"52,1580720899877";"Zona cinzenta: nota próxima ao corte";"Zona cinzenta";NA;FALSE;TRUE;TRUE
"60";"2021-09-01";"2026-08-01";"Safra Grand Vitesse";"20";"16";"13";"-3";"0,722222222222222";"0,766666666666667";"0,741935483870968";"0,800000000000000";"0,72";"0,857142857142857";"60";"55";"49";"45,80621109117570";"59,06285386254137";"52,5372678907064";"55,8514285835478";"Zona cinzenta: nota próxima ao corte";"Zona cinzenta";NA;FALSE;TRUE;TRUE
"60";"2021-09-01";"2026-08-01";"Principal Claritas";"22";"17";"16";"-1";"0,750000000000000";"0,783333333333333";"0,612903225806452";"0,672727272727273";"0,92";"0,938775510204082";"60";"55";"49";"55,53428008446573";"60,42846758567688";"51,8662131234397";"53,0897599987424";"Não aprovado quantitativamente";"Zona cinzenta";FALSE;FALSE;FALSE;TRUE
"60";"2021-09-01";"2026-08-01";"Arx Vinson Advisory";"23";"18";"21";"3";"0,666666666666667";"0,716666666666667";"0,806451612903226";"0,763636363636364";"0,80";"0,653061224489796";"60";"55";"49";"50,06733887504258";"42,10863439077468";"51,1560576778821";"49,1663815568151";"Não aprovado quantitativamente";"Não aprovado";FALSE;FALSE;FALSE;FALSE
"60";"2021-09-01";"2026-08-01";"Atena Yield D30";"25";"19";"19";"0";"0,888888888888889";"0,916666666666667";"0,870967741935484";"0,927272727272727";"1,00";"1,000000000000000";"60";"55";"49";"75,09233194313767";"77,35524979526970";"50,2797528037370";"50,8454822667700";"Não aprovado quantitativamente";"Não aprovado";FALSE;FALSE;FALSE;FALSE
"60";"2021-09-01";"2026-08-01";"Safra Vitesse";"27";"20";"18";"-2";"0,750000000000000";"0,800000000000000";"0,645161290322581";"0,745454545454545";"1,00";"1,000000000000000";"60";"55";"49";"60,75142692134056";"67,06952865820286";"49,7721572507152";"51,3516826849308";"Não aprovado quantitativamente";"Não aprovado";FALSE;FALSE;FALSE;FALSE
"60";"2021-09-01";"2026-08-01";"Iridium Titan Advisory";"28";"21";"23";"2";"0,750000000000000";"0,750000000000000";"0,838709677419355";"0,800000000000000";"0,84";"0,775510204081633";"60";"55";"49";"58,26143397519826";"52,97671595131354";"49,6103508230992";"48,2891713171280";"Não aprovado quantitativamente";"Não aprovado";FALSE;FALSE;FALSE;FALSE
"60";"2021-09-01";"2026-08-01";"XP Corporate Light";"30";"22";"22";"0";"0,666666666666667";"0,733333333333333";"0,677419354838710";"0,690909090909091";"0,76";"0,653061224489796";"60";"55";"49";"43,12163419503696";"40,58213333812654";"48,9275778796181";"48,2927026653905";"Não aprovado quantitativamente";"Não aprovado";FALSE;FALSE;FALSE;FALSE
"60";"2021-09-01";"2026-08-01";"Integral";"31";"23";"26";"3";"0,722222222222222";"0,766666666666667";"0,741935483870968";"0,745454545454545";"0,88";"0,734693877551020";"60";"55";"49";"55,75981654950979";"49,53224762620880";"48,0359269298612";"46,4790346990360";"Não aprovado quantitativamente";"Não aprovado";FALSE;FALSE;FALSE;FALSE
"60";"2021-09-01";"2026-08-01";"AF Invest Geraes 30";"32";"24";"25";"1";"0,638888888888889";"0,683333333333333";"0,580645161290323";"0,636363636363636";"0,76";"0,612244897959184";"60";"55";"49";"39,02558018750785";"33,58656252302974";"47,9067423928927";"46,5469879767732";"Não aprovado quantitativamente";"Não aprovado";FALSE;FALSE;FALSE;FALSE
"60";"2021-09-01";"2026-08-01";"Plural Crédito Corporativo II";"33";"25";"20";"-5";"0,694444444444444";"0,750000000000000";"0,580645161290323";"0,672727272727273";"0,76";"0,877551020408163";"60";"55";"49";"41,65468187177929";"54,91858378176659";"46,9843034834610";"50,3002789609579";"Não aprovado quantitativamente";"Não aprovado";FALSE;FALSE;FALSE;FALSE
"60";"2021-09-01";"2026-08-01";"Ibiuna Credit";"34";"26";"29";"3";"0,666666666666667";"0,633333333333333";"0,806451612903226";"0,709090909090909";"1,00";"0,775510204081633";"60";"55";"49";"61,54556134486150";"43,74523258285162";"45,0632300565462";"40,6131478660437";"Não aprovado quantitativamente";"Não aprovado";FALSE;FALSE;FALSE;FALSE
"60";"2021-09-01";"2026-08-01";"Augme 30 Advisory";"35";"27";"27";"0";"0,638888888888889";"0,716666666666667";"0,709677419354839";"0,727272727272727";"0,76";"0,632653061224490";"60";"55";"49";"43,00129889684953";"39,62855070314583";"43,9656581905998";"43,1224711421739";"Não aprovado quantitativamente";"Não aprovado";FALSE;FALSE;FALSE;FALSE
"60";"2021-09-01";"2026-08-01";"Safra Polaris";"36";"28";"24";"-4";"0,722222222222222";"0,750000000000000";"0,645161290322581";"0,690909090909091";"0,72";"0,857142857142857";"60";"55";"49";"42,55605139282086";"54,29856046447448";"43,6375213544821";"46,5731486223955";"Não aprovado quantitativamente";"Não aprovado";FALSE;FALSE;FALSE;FALSE
"60";"2021-09-01";"2026-08-01";"SPX Seahawk Advisory";"38";"29";"28";"-1";"0,777777777777778";"0,800000000000000";"0,612903225806452";"0,654545454545455";"0,64";"0,571428571428571";"60";"55";"49";"40,02398443989144";"38,65726363177930";"42,0857157992922";"41,7440355972641";"Não aprovado quantitativamente";"Não aprovado";FALSE;FALSE;FALSE;FALSE
"60";"2021-09-01";"2026-08-01";"AZ Quest Altro Advisory";"39";"30";"30";"0";"0,722222222222222";"0,733333333333333";"0,806451612903226";"0,763636363636364";"0,76";"0,632653061224490";"60";"55";"49";"50,54074550611676";"41,88189556416698";"40,2226547545080";"38,0579422690206";"Não aprovado quantitativamente";"Não aprovado";FALSE;FALSE;FALSE;FALSE
"60";"2021-09-01";"2026-08-01";"Inter Premium";"41";"31";"33";"2";"0,638888888888889";"0,683333333333333";"0,612903225806452";"0,654545454545455";"0,72";"0,612244897959184";"60";"55";"49";"37,38117545689846";"34,15348929130204";"32,8675460666505";"32,0606245252514";"Não aprovado quantitativamente";"Não aprovado";FALSE;FALSE;FALSE;FALSE
"60";"2021-09-01";"2026-08-01";"Valora Absolute";"42";"32";"32";"0";"0,694444444444444";"0,750000000000000";"0,645161290322581";"0,690909090909091";"0,64";"0,571428571428571";"60";"55";"49";"36,06943929483273";"36,90689916680034";"31,9571837190318";"32,1665486870237";"Não aprovado quantitativamente";"Não aprovado";FALSE;FALSE;FALSE;FALSE
"60";"2021-09-01";"2026-08-01";"XP Corporate Top";"43";"33";"31";"-2";"0,611111111111111";"0,700000000000000";"0,516129032258065";"0,600000000000000";"0,48";"0,510204081632653";"60";"55";"49";"20,65818816858135";"27,99448280798795";"31,1172248282086";"32,9512984880603";"Não aprovado quantitativamente";"Não aprovado";FALSE;FALSE;FALSE;FALSE
"60";"2021-09-01";"2026-08-01";"XP Corporate Plus";"44";"34";"34";"0";"0,638888888888889";"0,666666666666667";"0,516129032258065";"0,563636363636364";"0,36";"0,448979591836735";"60";"55";"49";"16,93057312351296";"22,55003276816865";"26,0835256455055";"27,4883905566695";"Não aprovado quantitativamente";"Não aprovado";FALSE;FALSE;FALSE;FALSE
"60";"2021-09-01";"2026-08-01";"ARX Everest Advisory";"45";"35";"35";"0";"0,611111111111111";"0,683333333333333";"0,677419354838710";"0,636363636363636";"0,72";"0,612244897959184";"60";"55";"49";"38,39091927221544";"33,58656252302974";"24,4709031970128";"23,2698140097164";"Não aprovado quantitativamente";"Não aprovado";FALSE;FALSE;FALSE;FALSE
"60";"2021-09-01";"2026-08-01";"Capitânia Premium 45";"47";"36";"36";"0";"0,250000000000000";"0,433333333333333";"0,193548387096774";"0,381818181818182";"0,00";"0,224489795918367";"60";"55";"49";"3,12929135835393";"7,60462215981897";"10,6143140065248";"11,7331467068911";"Reprovado por red flag absoluto";"Red flag absoluto";FALSE;FALSE;FALSE;FALSE
"72";"2020-09-01";"2026-08-01";"Tivio Institucional 15";"1";"1";"1";"0";"0,805555555555556";"0,847222222222222";"0,870967741935484";"0,820895522388060";"1,00";"0,803278688524590";"72";"67";"61";"71,46794532864901";"60,71359037773281";"76,3895678719554";"73,7009791342263";"Aprovado quantitativo com margem";"Aprovado com margem";TRUE;TRUE;FALSE;FALSE
"72";"2020-09-01";"2026-08-01";"Daycoval Classic 30";"2";"2";"2";"0";"0,916666666666667";"0,902777777777778";"0,870967741935484";"0,835820895522388";"1,00";"0,819672131147541";"72";"67";"61";"75,88257709148721";"64,20724728206750";"72,7906841890250";"69,8718517366701";"Aprovado quantitativo com margem";"Aprovado com margem";TRUE;TRUE;FALSE;FALSE
"72";"2020-09-01";"2026-08-01";"BNP Paribas Rubi";"3";"3";"4";"1";"0,861111111111111";"0,875000000000000";"0,967741935483871";"0,970149253731343";"1,00";"1,000000000000000";"72";"67";"61";"76,44737455765193";"77,01927729823174";"66,5687687716087";"66,7117444567536";"Aprovado quantitativo com margem";"Aprovado com margem";TRUE;TRUE;FALSE;FALSE
"72";"2020-09-01";"2026-08-01";"SulAmérica Crédito Ativo";"5";"4";"5";"1";"0,805555555555556";"0,847222222222222";"0,838709677419355";"0,850746268656716";"0,96";"0,983606557377049";"72";"67";"61";"68,44755173426310";"72,09811355924812";"65,2881716830623";"66,2008121393085";"Aprovado quantitativo com margem";"Aprovado com margem";TRUE;TRUE;FALSE;FALSE
"72";"2020-09-01";"2026-08-01";"Compass Yield 30";"6";"5";"3";"-2";"0,833333333333333";"0,833333333333333";"0,806451612903226";"0,865671641791045";"0,80";"0,918032786885246";"72";"67";"61";"59,40172995483952";"68,36954434917297";"64,7012368268607";"66,9431904254440";"Aprovado quantitativo com margem";"Aprovado com margem";TRUE;TRUE;FALSE;FALSE
"72";"2020-09-01";"2026-08-01";"BTG Pactual Crédito Corporativo I";"7";"6";"6";"0";"0,750000000000000";"0,805555555555556";"0,774193548387097";"0,791044776119403";"0,76";"0,721311475409836";"72";"67";"61";"51,11943972052420";"52,50403670531612";"63,9044122930472";"64,2505615392452";"Aprovado quantitativo com margem";"Aprovado com margem";TRUE;TRUE;FALSE;FALSE
"72";"2020-09-01";"2026-08-01";"Porto Seguro Ipê";"9";"7";"7";"0";"0,750000000000000";"0,819444444444444";"0,806451612903226";"0,835820895522388";"0,88";"0,901639344262295";"72";"67";"61";"59,64141157352216";"65,84166027322385";"59,3094720932414";"60,8595342681668";"Aprovado quantitativo com margem";"Aprovado com margem";TRUE;TRUE;FALSE;FALSE
"72";"2020-09-01";"2026-08-01";"Sparta Max Advisory";"10";"8";"9";"1";"0,666666666666667";"0,777777777777778";"0,709677419354839";"0,776119402985075";"0,60";"0,639344262295082";"72";"67";"61";"34,46288564451282";"45,38693720412372";"57,3063904993819";"60,0374033892846";"Zona cinzenta: nota próxima ao corte";"Aprovado com margem";NA;TRUE;TRUE;FALSE
"72";"2020-09-01";"2026-08-01";"JGP Crédito Advisory";"12";"9";"13";"4";"0,750000000000000";"0,791666666666667";"0,870967741935484";"0,850746268656716";"1,00";"0,836065573770492";"72";"67";"61";"68,21778563029417";"60,86589555553481";"56,7606286768509";"54,9226561581611";"Zona cinzenta: nota próxima ao corte e pilar abaixo do mínimo";"Zona cinzenta";NA;FALSE;TRUE;TRUE
"72";"2020-09-01";"2026-08-01";"JGP Corporate FEEDER II";"13";"10";"10";"0";"0,750000000000000";"0,819444444444444";"0,709677419354839";"0,776119402985075";"0,64";"0,704918032786885";"72";"67";"61";"41,45031897101821";"51,70061197126388";"56,7544409929467";"59,3170142430081";"Zona cinzenta: nota próxima ao corte";"Aprovado com margem";NA;TRUE;TRUE;FALSE
"72";"2020-09-01";"2026-08-01";"Polo Crédito Corporativo Advisory";"14";"11";"8";"-3";"0,777777777777778";"0,847222222222222";"0,806451612903226";"0,910447761194030";"0,80";"0,918032786885246";"72";"67";"61";"56,40495917388886";"70,21842242809969";"56,7310895937976";"60,1844554073503";"Zona cinzenta: nota próxima ao corte e pilar abaixo do mínimo";"Zona cinzenta";NA;FALSE;TRUE;TRUE
"72";"2020-09-01";"2026-08-01";"Sparta Top";"16";"12";"11";"-1";"0,694444444444444";"0,791666666666667";"0,677419354838710";"0,761194029850746";"0,56";"0,622950819672131";"72";"67";"61";"32,59143769902717";"44,71404297282245";"55,4575409256010";"58,4881922440498";"Zona cinzenta: nota próxima ao corte";"Aprovado com margem";NA;TRUE;TRUE;FALSE
"72";"2020-09-01";"2026-08-01";"BOCOM BBM Corporate Credit Plus MULT";"18";"13";"14";"1";"0,750000000000000";"0,791666666666667";"0,903225806451613";"0,880597014925373";"1,00";"1,000000000000000";"72";"67";"61";"69,09674504956128";"70,96649876389887";"53,8100405387677";"54,2774789673521";"Zona cinzenta: nota próxima ao corte e pilar abaixo do mínimo";"Zona cinzenta";NA;FALSE;TRUE;TRUE
"72";"2020-09-01";"2026-08-01";"Selection Light";"19";"14";"16";"2";"0,750000000000000";"0,819444444444444";"0,774193548387097";"0,791044776119403";"0,72";"0,704918032786885";"72";"67";"61";"48,59607557064771";"52,20983025506268";"53,2435124826526";"54,1469511537564";"Zona cinzenta: nota próxima ao corte";"Zona cinzenta";NA;FALSE;TRUE;TRUE
"72";"2020-09-01";"2026-08-01";"Safra Grand Vitesse";"20";"15";"12";"-3";"0,722222222222222";"0,791666666666667";"0,741935483870968";"0,835820895522388";"0,72";"0,885245901639344";"72";"67";"61";"45,80621109117570";"63,37732503195793";"52,5372678907064";"56,9300463759019";"Zona cinzenta: nota próxima ao corte";"Zona cinzenta";NA;FALSE;TRUE;TRUE
"72";"2020-09-01";"2026-08-01";"Principal Claritas";"22";"16";"15";"-1";"0,750000000000000";"0,819444444444444";"0,612903225806452";"0,731343283582090";"0,92";"0,950819672131147";"72";"67";"61";"55,53428008446573";"65,06851642873195";"51,8662131234397";"54,2497722095062";"Não aprovado quantitativamente";"Zona cinzenta";FALSE;FALSE;FALSE;TRUE
"72";"2020-09-01";"2026-08-01";"Atena Yield D30";"25";"17";"19";"2";"0,888888888888889";"0,916666666666667";"0,870967741935484";"0,940298507462687";"1,00";"1,000000000000000";"72";"67";"61";"75,09233194313767";"77,65434505441925";"50,2797528037370";"50,9202560815574";"Não aprovado quantitativamente";"Não aprovado";FALSE;FALSE;FALSE;FALSE
"72";"2020-09-01";"2026-08-01";"Safra Vitesse";"27";"18";"17";"-1";"0,750000000000000";"0,819444444444444";"0,645161290322581";"0,791044776119403";"1,00";"1,000000000000000";"72";"67";"61";"60,75142692134056";"69,67887713551087";"49,7721572507152";"52,0040198042578";"Não aprovado quantitativamente";"Zona cinzenta";FALSE;FALSE;FALSE;TRUE
"72";"2020-09-01";"2026-08-01";"Iridium Titan Advisory";"28";"19";"21";"2";"0,750000000000000";"0,777777777777778";"0,838709677419355";"0,835820895522388";"0,84";"0,819672131147541";"72";"67";"61";"58,26143397519826";"58,58376213280664";"49,6103508230992";"49,6909328625013";"Não aprovado quantitativamente";"Não aprovado";FALSE;FALSE;FALSE;FALSE
"72";"2020-09-01";"2026-08-01";"XP Corporate Light";"30";"20";"20";"0";"0,666666666666667";"0,777777777777778";"0,677419354838710";"0,746268656716418";"0,76";"0,721311475409836";"72";"67";"61";"43,12163419503696";"49,38041594650431";"48,9275778796181";"50,4922733174850";"Não aprovado quantitativamente";"Não aprovado";FALSE;FALSE;FALSE;FALSE
"72";"2020-09-01";"2026-08-01";"Integral";"31";"21";"23";"2";"0,722222222222222";"0,805555555555556";"0,741935483870968";"0,791044776119403";"0,88";"0,786885245901639";"72";"67";"61";"55,75981654950979";"56,64327041499526";"48,0359269298612";"48,2567903962326";"Não aprovado quantitativamente";"Não aprovado";FALSE;FALSE;FALSE;FALSE
"72";"2020-09-01";"2026-08-01";"AF Invest Geraes 30";"32";"22";"22";"0";"0,638888888888889";"0,736111111111111";"0,580645161290323";"0,701492537313433";"0,76";"0,688524590163934";"72";"67";"61";"39,02558018750785";"43,27299850050514";"47,9067423928927";"48,9685969711420";"Não aprovado quantitativamente";"Não aprovado";FALSE;FALSE;FALSE;FALSE
"72";"2020-09-01";"2026-08-01";"Plural Crédito Corporativo II";"33";"23";"18";"-5";"0,694444444444444";"0,791666666666667";"0,580645161290323";"0,731343283582090";"0,76";"0,901639344262295";"72";"67";"61";"41,65468187177929";"60,80720857751365";"46,9843034834610";"51,7724351598946";"Não aprovado quantitativamente";"Não aprovado";FALSE;FALSE;FALSE;FALSE
"72";"2020-09-01";"2026-08-01";"Ibiuna Credit";"34";"24";"27";"3";"0,666666666666667";"0,694444444444444";"0,806451612903226";"0,761194029850746";"1,00";"0,819672131147541";"72";"67";"61";"61,54556134486150";"51,17347564523625";"45,0632300565462";"42,4702086316399";"Não aprovado quantitativamente";"Não aprovado";FALSE;FALSE;FALSE;FALSE
"72";"2020-09-01";"2026-08-01";"Augme 30 Advisory";"35";"25";"25";"0";"0,638888888888889";"0,763888888888889";"0,709677419354839";"0,776119402985075";"0,76";"0,704918032786885";"72";"67";"61";"43,00129889684953";"48,55932257537157";"43,9656581905998";"45,3551641102303";"Não aprovado quantitativamente";"Não aprovado";FALSE;FALSE;FALSE;FALSE
"72";"2020-09-01";"2026-08-01";"Safra Polaris";"36";"26";"24";"-2";"0,722222222222222";"0,791666666666667";"0,645161290322581";"0,746268656716418";"0,72";"0,885245901639344";"72";"67";"61";"42,55605139282086";"60,36848767005946";"43,6375213544821";"48,0906304237917";"Não aprovado quantitativamente";"Não aprovado";FALSE;FALSE;FALSE;FALSE
"72";"2020-09-01";"2026-08-01";"SPX Seahawk Advisory";"38";"27";"26";"-1";"0,777777777777778";"0,833333333333333";"0,612903225806452";"0,716417910447761";"0,64";"0,655737704918033";"72";"67";"61";"40,02398443989144";"47,29153169678554";"42,0857157992922";"43,9026026135157";"Não aprovado quantitativamente";"Não aprovado";FALSE;FALSE;FALSE;FALSE
"72";"2020-09-01";"2026-08-01";"AZ Quest Altro Advisory";"39";"28";"28";"0";"0,722222222222222";"0,777777777777778";"0,806451612903226";"0,805970149253731";"0,76";"0,704918032786885";"72";"67";"61";"50,54074550611676";"50,39817081935875";"40,2226547545080";"40,1870110828185";"Não aprovado quantitativamente";"Não aprovado";FALSE;FALSE;FALSE;FALSE
"72";"2020-09-01";"2026-08-01";"Inter Premium";"41";"29";"31";"2";"0,638888888888889";"0,694444444444444";"0,612903225806452";"0,701492537313433";"0,72";"0,688524590163934";"72";"67";"61";"37,38117545689846";"40,86396018544247";"32,8675460666505";"33,7382422487865";"Não aprovado quantitativamente";"Não aprovado";FALSE;FALSE;FALSE;FALSE
"72";"2020-09-01";"2026-08-01";"Valora Absolute";"42";"30";"30";"0";"0,694444444444444";"0,791666666666667";"0,645161290322581";"0,746268656716418";"0,64";"0,655737704918033";"72";"67";"61";"36,06943929483273";"46,13899456146770";"31,9571837190318";"34,4745725356905";"Não aprovado quantitativamente";"Não aprovado";FALSE;FALSE;FALSE;FALSE
"72";"2020-09-01";"2026-08-01";"XP Corporate Top";"43";"31";"29";"-2";"0,611111111111111";"0,736111111111111";"0,516129032258065";"0,671641791044776";"0,48";"0,606557377049180";"72";"67";"61";"20,65818816858135";"37,37910150572107";"31,1172248282086";"35,2974531624936";"Não aprovado quantitativamente";"Não aprovado";FALSE;FALSE;FALSE;FALSE
"72";"2020-09-01";"2026-08-01";"XP Corporate Plus";"44";"32";"32";"0";"0,638888888888889";"0,708333333333333";"0,516129032258065";"0,641791044776119";"0,36";"0,557377049180328";"72";"67";"61";"16,93057312351296";"32,08197727939473";"26,0835256455055";"29,8713766844760";"Não aprovado quantitativamente";"Não aprovado";FALSE;FALSE;FALSE;FALSE
"72";"2020-09-01";"2026-08-01";"ARX Everest Advisory";"45";"33";"33";"0";"0,611111111111111";"0,736111111111111";"0,677419354838710";"0,701492537313433";"0,72";"0,688524590163934";"72";"67";"61";"38,39091927221544";"43,27299850050514";"24,4709031970128";"25,6914230040853";"Não aprovado quantitativamente";"Não aprovado";FALSE;FALSE;FALSE;FALSE
"72";"2020-09-01";"2026-08-01";"Capitânia Premium 45";"47";"34";"34";"0";"0,250000000000000";"0,527777777777778";"0,193548387096774";"0,492537313432836";"0,00";"0,377049180327869";"72";"67";"61";"3,12929135835393";"14,21169799660397";"10,6143140065248";"13,3849156660873";"Reprovado por red flag absoluto";"Red flag absoluto";FALSE;FALSE;FALSE;FALSE
