ranking_geral;nome_plot;status_quantitativo;meses_completos;arquivo
1;Tivio Institucional 15;Aprovado quantitativo com margem;36;01_tivio_institucional_15.png
2;Daycoval Classic 30;Aprovado quantitativo com margem;36;02_daycoval_classic_30.png
3;BNP Paribas Rubi;Aprovado quantitativo com margem;36;03_bnp_paribas_rubi.png
4;SulAmérica Crédito ESG;Aprovado quantitativo com margem;36;04_sulamerica_credito_esg.png
5;SulAmérica Crédito Ativo;Aprovado quantitativo com margem;36;05_sulamerica_credito_ativo.png
6;Compass Yield 30;Aprovado quantitativo com margem;36;06_compass_yield_30.png
7;BTG Pactual Crédito Corporativo I;Aprovado quantitativo com margem;36;07_btg_pactual_credito_corporativo_i.png
8;Bocom BBM Corporate Credit II;Aprovado quantitativo com margem;36;08_bocom_bbm_corporate_credit_ii.png
9;Porto Seguro Ipê;Aprovado quantitativo com margem;36;09_porto_seguro_ipe.png
10;Sparta Max Advisory;Zona cinzenta: nota próxima ao corte;36;10_sparta_max_advisory.png
11;Occam Crédito Corporativo 30;Zona cinzenta: nota próxima ao corte;36;11_occam_credito_corporativo_30.png
12;JGP Crédito Advisory;Zona cinzenta: nota próxima ao corte e pilar abaixo do mínimo;36;12_jgp_credito_advisory.png
13;JGP Corporate FEEDER II;Zona cinzenta: nota próxima ao corte;36;13_jgp_corporate_feeder_ii.png
14;Polo Crédito Corporativo Advisory;Zona cinzenta: nota próxima ao corte e pilar abaixo do mínimo;36;14_polo_credito_corporativo_advisory.png
15;Root Capital Crédito HG Plus;Zona cinzenta: nota próxima ao corte e pilar abaixo do mínimo;36;15_root_capital_credito_hg_plus.png
16;Sparta Top;Zona cinzenta: nota próxima ao corte;36;16_sparta_top.png
17;Novus Crédito;Zona cinzenta: nota próxima ao corte;36;17_novus_credito.png
18;BOCOM BBM Corporate Credit Plus MULT;Zona cinzenta: nota próxima ao corte e pilar abaixo do mínimo;36;18_bocom_bbm_corporate_credit_plus_mult.png
19;Selection Light;Zona cinzenta: nota próxima ao corte;36;19_selection_light.png
20;Safra Grand Vitesse;Zona cinzenta: nota próxima ao corte;36;20_safra_grand_vitesse.png
21;BNP Paribas Match Plus 30 Advisory;Zona cinzenta: nota próxima ao corte;36;21_bnp_paribas_match_plus_30_advisory.png
22;Principal Claritas;Não aprovado quantitativamente;36;22_principal_claritas.png
23;Arx Vinson Advisory;Não aprovado quantitativamente;36;23_arx_vinson_advisory.png
24;Vinland Crédito;Não aprovado quantitativamente;36;24_vinland_credito.png
25;Atena Yield D30;Não aprovado quantitativamente;36;25_atena_yield_d30.png
26;Absolute Creta Advisory;Não aprovado quantitativamente;36;26_absolute_creta_advisory.png
27;Safra Vitesse;Não aprovado quantitativamente;36;27_safra_vitesse.png
28;Iridium Titan Advisory;Não aprovado quantitativamente;36;28_iridium_titan_advisory.png
29;Riza Lotus Plus Advisory;Não aprovado quantitativamente;36;29_riza_lotus_plus_advisory.png
30;XP Corporate Light;Não aprovado quantitativamente;36;30_xp_corporate_light.png
31;Integral;Não aprovado quantitativamente;36;31_integral.png
32;AF Invest Geraes 30;Não aprovado quantitativamente;36;32_af_invest_geraes_30.png
33;Plural Crédito Corporativo II;Não aprovado quantitativamente;36;33_plural_credito_corporativo_ii.png
34;Ibiuna Credit;Não aprovado quantitativamente;36;34_ibiuna_credit.png
35;Augme 30 Advisory;Não aprovado quantitativamente;36;35_augme_30_advisory.png
36;Safra Polaris;Não aprovado quantitativamente;36;36_safra_polaris.png
37;Mag High Grade Plus 30;Não aprovado quantitativamente;36;37_mag_high_grade_plus_30.png
38;SPX Seahawk Advisory;Não aprovado quantitativamente;36;38_spx_seahawk_advisory.png
39;AZ Quest Altro Advisory;Não aprovado quantitativamente;36;39_az_quest_altro_advisory.png
40;Western Asset Total Credit Plus;Não aprovado quantitativamente;36;40_western_asset_total_credit_plus.png
41;Inter Premium;Não aprovado quantitativamente;36;41_inter_premium.png
42;Valora Absolute;Não aprovado quantitativamente;36;42_valora_absolute.png
43;XP Corporate Top;Não aprovado quantitativamente;36;43_xp_corporate_top.png
44;XP Corporate Plus;Não aprovado quantitativamente;36;44_xp_corporate_plus.png
45;ARX Everest Advisory;Não aprovado quantitativamente;36;45_arx_everest_advisory.png
46;BB Asset;Reprovado por red flag absoluto;36;46_bb_asset.png
47;Capitânia Premium 45;Reprovado por red flag absoluto;36;47_capitania_premium_45.png
NA;Augme 30 II;Sem score: Há meses incompletos na janela comum;35;sem_score_augme_30_ii.png
NA;Bradesco Ultra II;Sem score: Histórico inferior a 36 meses;26;sem_score_bradesco_ultra_ii.png
NA;Legacy Capital Credit D15;Sem score: Histórico inferior a 36 meses;13;sem_score_legacy_capital_credit_d15.png
NA;Persevera Yield;Sem score: Histórico inferior a 36 meses;35;sem_score_persevera_yield.png
NA;Tríade;Sem score: Histórico inferior a 36 meses;26;sem_score_triade.png
NA;Vinland Crédito 10;Sem score: Histórico inferior a 36 meses;31;sem_score_vinland_credito_10.png
